gene,PDT
WP_000002127.1,0.08333333333333333
WP_000002304.1,0.08333333333333333
WP_000002542.1,0.08333333333333333
WP_000002907.1,0.08333333333333333
WP_000002953.1,0.08333333333333333
WP_000003075.1,0.08333333333333333
WP_000003150.1,0.08333333333333333
WP_000003314.1,0.08333333333333333
WP_000003377.1,0.08333333333333333
WP_000003653.1,0.08333333333333333
WP_000003742.1,0.08333333333333333
WP_000003820.1,0.08333333333333333
WP_000004024.1,0.08333333333333333
WP_000004459.1,0.08333333333333333
WP_000004488.1,0.08333333333333333
WP_000004620.1,0.08333333333333333
WP_000004655.1,0.08333333333333333
WP_000004771.1,0.08333333333333333
WP_000004940.1,0.08333333333333333
WP_000005042.1,0.08333333333333333
WP_000005444.1,0.08333333333333333
WP_000005552.1,0.08333333333333333
WP_000005995.1,0.08333333333333333
WP_000006621.1,0.08333333333333333
WP_000006821.1,0.08333333333333333
WP_000007095.1,0.08333333333333333
WP_000007283.1,0.08333333333333333
WP_000007449.1,0.08333333333333333
WP_000007629.1,0.08333333333333333
WP_000008967.1,0.08333333333333333
WP_000009307.1,0.08333333333333333
WP_000010147.1,0.08333333333333333
WP_000010271.1,0.08333333333333333
WP_000010739.1,0.08333333333333333
WP_000011108.1,0.08333333333333333
WP_000011613.1,0.08333333333333333
WP_000011656.1,0.08333333333333333
WP_000011970.1,0.08333333333333333
WP_000012163.1,0.08333333333333333
WP_000012247.1,0.08333333333333333
WP_000012450.1,0.08333333333333333
WP_000012572.1,0.08333333333333333
WP_000012925.1,0.08333333333333333
WP_000013046.1,0.08333333333333333
WP_000013136.1,0.08333333333333333
WP_000013513.1,0.08333333333333333
WP_000013588.1,0.08333333333333333
WP_000013654.1,0.08333333333333333
WP_000013762.1,0.08333333333333333
WP_000014036.1,0.08333333333333333
WP_000014216.1,0.08333333333333333
WP_000014320.1,0.08333333333333333
WP_000014504.1,0.08333333333333333
WP_000014594.1,0.08333333333333333
WP_000014801.1,0.08333333333333333
WP_000014822.1,0.08333333333333333
WP_000014969.1,0.08333333333333333
WP_000015258.1,0.08333333333333333
WP_000015262.1,0.08333333333333333
WP_000015492.1,0.08333333333333333
WP_000015802.1,0.08333333333333333
WP_000016225.1,0.08333333333333333
WP_000016656.1,0.08333333333333333
WP_000016907.1,0.08333333333333333
WP_000016989.1,0.08333333333333333
WP_000017110.1,0.08333333333333333
WP_000017339.1,0.08333333333333333
WP_000017561.1,0.08333333333333333
WP_000017698.1,0.08333333333333333
WP_000018008.1,0.08333333333333333
WP_000018366.1,0.08333333333333333
WP_000018588.1,0.08333333333333333
WP_000018633.1,0.08333333333333333
WP_000018678.1,0.08333333333333333
WP_000018760.1,0.08333333333333333
WP_000019197.1,0.08333333333333333
WP_000019358.1,0.08333333333333333
WP_000019588.1,0.08333333333333333
WP_000019652.1,0.08333333333333333
WP_000019819.1,0.08333333333333333
WP_000019869.1,0.08333333333333333
WP_000019944.1,0.08333333333333333
WP_000020078.1,0.08333333333333333
WP_000020484.1,0.08333333333333333
WP_000020556.1,0.08333333333333333
WP_000020744.1,0.08333333333333333
WP_000020884.1,0.08333333333333333
WP_000020947.1,0.08333333333333333
WP_000021035.1,0.08333333333333333
WP_000021347.1,0.08333333333333333
WP_000021655.1,0.08333333333333333
WP_000022442.1,0.08333333333333333
WP_000022458.1,0.08333333333333333
WP_000022766.1,0.08333333333333333
WP_000023081.1,0.08333333333333333
WP_000023170.1,0.08333333333333333
WP_000023184.1,0.08333333333333333
WP_000023202.1,0.08333333333333333
WP_000023257.1,0.08333333333333333
WP_000023640.1,0.08333333333333333
WP_000023931.1,0.08333333333333333
WP_000024297.1,0.08333333333333333
WP_000024392.1,0.08333333333333333
WP_000024560.1,0.08333333333333333
WP_000024742.1,0.08333333333333333
WP_000024883.1,0.08333333333333333
WP_000025458.1,0.08333333333333333
WP_000025873.1,0.08333333333333333
WP_000026069.1,0.08333333333333333
WP_000026781.1,0.08333333333333333
WP_000027205.1,0.08333333333333333
WP_000027427.1,0.08333333333333333
WP_000027563.1,0.08333333333333333
WP_000027708.1,0.08333333333333333
WP_000028093.1,0.08333333333333333
WP_000028544.1,0.08333333333333333
WP_000028878.1,0.08333333333333333
WP_000028953.1,0.08333333333333333
WP_000029325.1,0.08333333333333333
WP_000029463.1,0.08333333333333333
WP_000029603.1,0.08333333333333333
WP_000029813.1,0.08333333333333333
WP_000030005.1,0.08333333333333333
WP_000030537.1,0.08333333333333333
WP_000030680.1,0.08333333333333333
WP_000030901.1,0.08333333333333333
WP_000031415.1,0.08333333333333333
WP_000031783.1,0.08333333333333333
WP_000031784.1,0.08333333333333333
WP_000032691.1,0.08333333333333333
WP_000032935.1,0.08333333333333333
WP_000033206.1,0.08333333333333333
WP_000033336.1,0.08333333333333333
WP_000034372.1,0.08333333333333333
WP_000034402.1,0.08333333333333333
WP_000034457.1,0.08333333333333333
WP_000034474.1,0.08333333333333333
WP_000034602.1,0.08333333333333333
WP_000034825.1,0.08333333333333333
WP_000035558.1,0.08333333333333333
WP_000035581.1,0.08333333333333333
WP_000035699.1,0.08333333333333333
WP_000035953.1,0.08333333333333333
WP_000036370.1,0.08333333333333333
WP_000036512.1,0.08333333333333333
WP_000036723.1,0.08333333333333333
WP_000037399.1,0.08333333333333333
WP_000037608.1,0.08333333333333333
WP_000038002.1,0.08333333333333333
WP_000038456.1,0.08333333333333333
WP_000039084.1,0.08333333333333333
WP_000039703.1,0.08333333333333333
WP_000039864.1,0.08333333333333333
WP_000040152.1,0.08333333333333333
WP_000040373.1,0.08333333333333333
WP_000040839.1,0.08333333333333333
WP_000041704.1,0.08333333333333333
WP_000041970.1,0.08333333333333333
WP_000042351.1,0.08333333333333333
WP_000042419.1,0.08333333333333333
WP_000042485.1,0.08333333333333333
WP_000042533.1,0.08333333333333333
WP_000042632.1,0.08333333333333333
WP_000042873.1,0.08333333333333333
WP_000042916.1,0.08333333333333333
WP_000043335.1,0.08333333333333333
WP_000043478.1,0.08333333333333333
WP_000044031.1,0.08333333333333333
WP_000044300.1,0.08333333333333333
WP_000044401.1,0.08333333333333333
WP_000044679.1,0.08333333333333333
WP_000044700.1,0.08333333333333333
WP_000044758.1,0.08333333333333333
WP_000044849.1,0.08333333333333333
WP_000045180.1,0.08333333333333333
WP_000045277.1,0.08333333333333333
WP_000045455.1,0.08333333333333333
WP_000045648.1,0.08333333333333333
WP_000045739.1,0.08333333333333333
WP_000045978.1,0.08333333333333333
WP_000046287.1,0.08333333333333333
WP_000046637.1,0.08333333333333333
WP_000046661.1,0.08333333333333333
WP_000046749.1,0.08333333333333333
WP_000046824.1,0.08333333333333333
WP_000047079.1,0.08333333333333333
WP_000047198.1,0.08333333333333333
WP_000047432.1,0.08333333333333333
WP_000047490.1,0.08333333333333333
WP_000047539.1,0.08333333333333333
WP_000048190.1,0.08333333333333333
WP_000048252.1,0.08333333333333333
WP_000048458.1,0.08333333333333333
WP_000048551.1,0.08333333333333333
WP_000048659.1,0.08333333333333333
WP_000048968.1,0.08333333333333333
WP_000049213.1,0.08333333333333333
WP_000049367.1,0.08333333333333333
WP_000050139.1,0.08333333333333333
WP_000050244.1,0.08333333333333333
WP_000050323.1,0.08333333333333333
WP_000050789.1,0.08333333333333333
WP_000051143.1,0.08333333333333333
WP_000051572.1,0.08333333333333333
WP_000052201.1,0.08333333333333333
WP_000052796.1,0.08333333333333333
WP_000053083.1,0.08333333333333333
WP_000053415.1,0.08333333333333333
WP_000055075.1,0.08333333333333333
WP_000055132.1,0.08333333333333333
WP_000055741.1,0.08333333333333333
WP_000055927.1,0.08333333333333333
WP_000055981.1,0.08333333333333333
WP_000056468.1,0.08333333333333333
WP_000056545.1,0.08333333333333333
WP_000056760.1,0.08333333333333333
WP_000056994.1,0.08333333333333333
WP_000057080.1,0.08333333333333333
WP_000057165.1,0.08333333333333333
WP_000057377.1,0.08333333333333333
WP_000057871.1,0.08333333333333333
WP_000057976.1,0.08333333333333333
WP_000058493.1,0.08333333333333333
WP_000058995.1,0.08333333333333333
WP_000059116.1,0.08333333333333333
WP_000059304.1,0.08333333333333333
WP_000059395.1,0.08333333333333333
WP_000059467.1,0.08333333333333333
WP_000059678.1,0.08333333333333333
WP_000059900.1,0.08333333333333333
WP_000060112.1,0.08333333333333333
WP_000060465.1,0.08333333333333333
WP_000060506.1,0.08333333333333333
WP_000060930.1,0.08333333333333333
WP_000062312.1,0.08333333333333333
WP_000062434.1,0.08333333333333333
WP_000062596.1,0.08333333333333333
WP_000062611.1,0.08333333333333333
WP_000062997.1,0.08333333333333333
WP_000063125.1,0.08333333333333333
WP_000063176.1,0.08333333333333333
WP_000063265.1,0.08333333333333333
WP_000063648.1,0.08333333333333333
WP_000063969.1,0.08333333333333333
WP_000064252.1,0.08333333333333333
WP_000064701.1,0.08333333333333333
WP_000065253.1,0.08333333333333333
WP_000065377.1,0.08333333333333333
WP_000065430.1,0.08333333333333333
WP_000065682.1,0.08333333333333333
WP_000065773.1,0.08333333333333333
WP_000065950.1,0.08333333333333333
WP_000066490.1,0.08333333333333333
WP_000066545.1,0.08333333333333333
WP_000066619.1,0.08333333333333333
WP_000066694.1,0.08333333333333333
WP_000067016.1,0.08333333333333333
WP_000067401.1,0.08333333333333333
WP_000067755.1,0.08333333333333333
WP_000067822.1,0.08333333333333333
WP_000067950.1,0.08333333333333333
WP_000068079.1,0.08333333333333333
WP_000068457.1,0.08333333333333333
WP_000068679.1,0.08333333333333333
WP_000068725.1,0.08333333333333333
WP_000068837.1,0.08333333333333333
WP_000068985.1,0.08333333333333333
WP_000069223.1,0.08333333333333333
WP_000069324.1,0.08333333333333333
WP_000069437.1,0.08333333333333333
WP_000070131.1,0.08333333333333333
WP_000070491.1,0.08333333333333333
WP_000070621.1,0.08333333333333333
WP_000070685.1,0.08333333333333333
WP_000071140.1,0.08333333333333333
WP_000071545.1,0.08333333333333333
WP_000072067.1,0.08333333333333333
WP_000072187.1,0.08333333333333333
WP_000072536.1,0.08333333333333333
WP_000073044.1,0.08333333333333333
WP_000073575.1,0.08333333333333333
WP_000074204.1,0.08333333333333333
WP_000074525.1,0.08333333333333333
WP_000074985.1,0.08333333333333333
WP_000075107.1,0.08333333333333333
WP_000075400.1,0.08333333333333333
WP_000075555.1,0.08333333333333333
WP_000075744.1,0.08333333333333333
WP_000075839.1,0.08333333333333333
WP_000075876.1,0.08333333333333333
WP_000076001.1,0.08333333333333333
WP_000076226.1,0.08333333333333333
WP_000076303.1,0.08333333333333333
WP_000076999.1,0.08333333333333333
WP_000077784.1,0.08333333333333333
WP_000078064.1,0.08333333333333333
WP_000078217.1,0.08333333333333333
WP_000078338.1,0.08333333333333333
WP_000078748.1,0.08333333333333333
WP_000078907.1,0.08333333333333333
WP_000079092.1,0.08333333333333333
WP_000079259.1,0.08333333333333333
WP_000079504.1,0.08333333333333333
WP_000079550.1,0.08333333333333333
WP_000079604.1,0.08333333333333333
WP_000079623.1,0.08333333333333333
WP_000079722.1,0.08333333333333333
WP_000080139.1,0.08333333333333333
WP_000080643.1,0.08333333333333333
WP_000080709.1,0.08333333333333333
WP_000080885.1,0.08333333333333333
WP_000080947.1,0.08333333333333333
WP_000081071.1,0.08333333333333333
WP_000081550.1,0.08333333333333333
WP_000081695.1,0.08333333333333333
WP_000081804.1,0.08333333333333333
WP_000081903.1,0.08333333333333333
WP_000082019.1,0.08333333333333333
WP_000082101.1,0.08333333333333333
WP_000082188.1,0.08333333333333333
WP_000082450.1,0.08333333333333333
WP_000082743.1,0.08333333333333333
WP_000082782.1,0.08333333333333333
WP_000082847.1,0.08333333333333333
WP_000082929.1,0.08333333333333333
WP_000082974.1,0.08333333333333333
WP_000083065.1,0.08333333333333333
WP_000083142.1,0.08333333333333333
WP_000083385.1,0.08333333333333333
WP_000083419.1,0.08333333333333333
WP_000083831.1,0.08333333333333333
WP_000083954.1,0.08333333333333333
WP_000084025.1,0.08333333333333333
WP_000084172.1,0.08333333333333333
WP_000084268.1,0.08333333333333333
WP_000084387.1,0.08333333333333333
WP_000084465.1,0.08333333333333333
WP_000084526.1,0.08333333333333333
WP_000084622.1,0.08333333333333333
WP_000084639.1,0.08333333333333333
WP_000084677.1,0.08333333333333333
WP_000084764.1,0.08333333333333333
WP_000085058.1,0.08333333333333333
WP_000085226.1,0.08333333333333333
WP_000085257.1,0.08333333333333333
WP_000085945.1,0.08333333333333333
WP_000086017.1,0.08333333333333333
WP_000086192.1,0.08333333333333333
WP_000086716.1,0.08333333333333333
WP_000086905.1,0.08333333333333333
WP_000087013.1,0.08333333333333333
WP_000087233.1,0.08333333333333333
WP_000087269.1,0.08333333333333333
WP_000087467.1,0.08333333333333333
WP_000087728.1,0.08333333333333333
WP_000087763.1,0.08333333333333333
WP_000087992.1,0.08333333333333333
WP_000088522.1,0.08333333333333333
WP_000088655.1,0.08333333333333333
WP_000088798.1,0.08333333333333333
WP_000088854.1,0.08333333333333333
WP_000089030.1,0.08333333333333333
WP_000089099.1,0.08333333333333333
WP_000089698.1,0.08333333333333333
WP_000089731.1,0.08333333333333333
WP_000089911.1,0.08333333333333333
WP_000090097.1,0.08333333333333333
WP_000090133.1,0.08333333333333333
WP_000090264.1,0.08333333333333333
WP_000090775.1,0.08333333333333333
WP_000091008.1,0.08333333333333333
WP_000091169.1,0.08333333333333333
WP_000091199.1,0.08333333333333333
WP_000091263.1,0.08333333333333333
WP_000091295.1,0.08333333333333333
WP_000091472.1,0.08333333333333333
WP_000091572.1,0.08333333333333333
WP_000091700.1,0.08333333333333333
WP_000091829.1,0.08333333333333333
WP_000091945.1,0.08333333333333333
WP_000091955.1,0.08333333333333333
WP_000092030.1,0.08333333333333333
WP_000092209.1,0.08333333333333333
WP_000092302.1,0.08333333333333333
WP_000092338.1,0.08333333333333333
WP_000092594.1,0.08333333333333333
WP_000092696.1,0.08333333333333333
WP_000092909.1,0.08333333333333333
WP_000093154.1,0.08333333333333333
WP_000093263.1,0.08333333333333333
WP_000093602.1,0.08333333333333333
WP_000093817.1,0.08333333333333333
WP_000094000.1,0.08333333333333333
WP_000094674.1,0.08333333333333333
WP_000095178.1,0.08333333333333333
WP_000095669.1,0.08333333333333333
WP_000095707.1,0.08333333333333333
WP_000095736.1,0.08333333333333333
WP_000095744.1,0.08333333333333333
WP_000096047.1,0.08333333333333333
WP_000096086.1,0.08333333333333333
WP_000096470.1,0.08333333333333333
WP_000096648.1,0.08333333333333333
WP_000096698.1,0.08333333333333333
WP_000096891.1,0.08333333333333333
WP_000097069.1,0.08333333333333333
WP_000097342.1,0.08333333333333333
WP_000097561.1,0.08333333333333333
WP_000097647.1,0.08333333333333333
WP_000097812.1,0.08333333333333333
WP_000098025.1,0.08333333333333333
WP_000098255.1,0.08333333333333333
WP_000098429.1,0.08333333333333333
WP_000098609.1,0.08333333333333333
WP_000098793.1,0.08333333333333333
WP_000098821.1,0.08333333333333333
WP_000098902.1,0.08333333333333333
WP_000099297.1,0.08333333333333333
WP_000099451.1,0.08333333333333333
WP_000099823.1,0.08333333333333333
WP_000100435.1,0.08333333333333333
WP_000100800.1,0.08333333333333333
WP_000100847.1,0.08333333333333333
WP_000100942.1,0.08333333333333333
WP_000101055.1,0.08333333333333333
WP_000101203.1,0.08333333333333333
WP_000101670.1,0.08333333333333333
WP_000101745.1,0.08333333333333333
WP_000101994.1,0.08333333333333333
WP_000102278.1,0.08333333333333333
WP_000102329.1,0.08333333333333333
WP_000102414.1,0.08333333333333333
WP_000102485.1,0.08333333333333333
WP_000102553.1,0.08333333333333333
WP_000102669.1,0.08333333333333333
WP_000102891.1,0.08333333333333333
WP_000103125.1,0.08333333333333333
WP_000103276.1,0.08333333333333333
WP_000103382.1,0.08333333333333333
WP_000103676.1,0.08333333333333333
WP_000103678.1,0.08333333333333333
WP_000103754.1,0.08333333333333333
WP_000104001.1,0.08333333333333333
WP_000104211.1,0.08333333333333333
WP_000104474.1,0.08333333333333333
WP_000104518.1,0.08333333333333333
WP_000105140.1,0.08333333333333333
WP_000105427.1,0.08333333333333333
WP_000105566.1,0.08333333333333333
WP_000105733.1,0.08333333333333333
WP_000105832.1,0.08333333333333333
WP_000106036.1,0.08333333333333333
WP_000106479.1,0.08333333333333333
WP_000106562.1,0.08333333333333333
WP_000106627.1,0.08333333333333333
WP_000106757.1,0.08333333333333333
WP_000106834.1,0.08333333333333333
WP_000106882.1,0.08333333333333333
WP_000107027.1,0.08333333333333333
WP_000107391.1,0.08333333333333333
WP_000107622.1,0.08333333333333333
WP_000107723.1,0.08333333333333333
WP_000107846.1,0.08333333333333333
WP_000108158.1,0.08333333333333333
WP_000108172.1,0.08333333333333333
WP_000108294.1,0.08333333333333333
WP_000108330.1,0.08333333333333333
WP_000108469.1,0.08333333333333333
WP_000108625.1,0.08333333333333333
WP_000108963.1,0.08333333333333333
WP_000109295.1,0.08333333333333333
WP_000109503.1,0.08333333333333333
WP_000109943.1,0.08333333333333333
WP_000110348.1,0.08333333333333333
WP_000110493.1,0.08333333333333333
WP_000110783.1,0.08333333333333333
WP_000110954.1,0.08333333333333333
WP_000111043.1,0.08333333333333333
WP_000111185.1,0.08333333333333333
WP_000111243.1,0.08333333333333333
WP_000111822.1,0.08333333333333333
WP_000113137.1,0.08333333333333333
WP_000113189.1,0.08333333333333333
WP_000113645.1,0.08333333333333333
WP_000113674.1,0.08333333333333333
WP_000113933.1,0.08333333333333333
WP_000114286.1,0.08333333333333333
WP_000114601.1,0.08333333333333333
WP_000114984.1,0.08333333333333333
WP_000115230.1,0.08333333333333333
WP_000115278.1,0.08333333333333333
WP_000115383.1,0.08333333333333333
WP_000115947.1,0.08333333333333333
WP_000116090.1,0.08333333333333333
WP_000116288.1,0.08333333333333333
WP_000116565.1,0.08333333333333333
WP_000116680.1,0.08333333333333333
WP_000116695.1,0.08333333333333333
WP_000116719.1,0.08333333333333333
WP_000117168.1,0.08333333333333333
WP_000117733.1,0.08333333333333333
WP_000117895.1,0.08333333333333333
WP_000118404.1,0.08333333333333333
WP_000118482.1,0.08333333333333333
WP_000118507.1,0.08333333333333333
WP_000118816.1,0.08333333333333333
WP_000118883.1,0.08333333333333333
WP_000119062.1,0.08333333333333333
WP_000119749.1,0.08333333333333333
WP_000120056.1,0.08333333333333333
WP_000120980.1,0.08333333333333333
WP_000121321.1,0.08333333333333333
WP_000121479.1,0.08333333333333333
WP_000121896.1,0.08333333333333333
WP_000122006.1,0.08333333333333333
WP_000122080.1,0.08333333333333333
WP_000122253.1,0.08333333333333333
WP_000122432.1,0.08333333333333333
WP_000122526.1,0.08333333333333333
WP_000122894.1,0.08333333333333333
WP_000123197.1,0.08333333333333333
WP_000123254.1,0.08333333333333333
WP_000123463.1,0.08333333333333333
WP_000123651.1,0.08333333333333333
WP_000123746.1,0.08333333333333333
WP_000123970.1,0.08333333333333333
WP_000124179.1,0.08333333333333333
WP_000124313.1,0.08333333333333333
WP_000124373.1,0.08333333333333333
WP_000124700.1,0.08333333333333333
WP_000124850.1,0.08333333333333333
WP_000125016.1,0.08333333333333333
WP_000125634.1,0.08333333333333333
WP_000125819.1,0.08333333333333333
WP_000125984.1,0.08333333333333333
WP_000125988.1,0.08333333333333333
WP_000126019.1,0.08333333333333333
WP_000126068.1,0.08333333333333333
WP_000126500.1,0.08333333333333333
WP_000126564.1,0.08333333333333333
WP_000126692.1,0.08333333333333333
WP_000127242.1,0.08333333333333333
WP_000127753.1,0.08333333333333333
WP_000127893.1,0.08333333333333333
WP_000128136.1,0.08333333333333333
WP_000128490.1,0.08333333333333333
WP_000128776.1,0.08333333333333333
WP_000128847.1,0.08333333333333333
WP_000129338.1,0.08333333333333333
WP_000129551.1,0.08333333333333333
WP_000130066.1,0.08333333333333333
WP_000130100.1,0.08333333333333333
WP_000130185.1,0.08333333333333333
WP_000130217.1,0.08333333333333333
WP_000130305.1,0.08333333333333333
WP_000130357.1,0.08333333333333333
WP_000130621.1,0.08333333333333333
WP_000130682.1,0.08333333333333333
WP_000130888.1,0.08333333333333333
WP_000130945.1,0.08333333333333333
WP_000131044.1,0.08333333333333333
WP_000131314.1,0.08333333333333333
WP_000131702.1,0.08333333333333333
WP_000131719.1,0.08333333333333333
WP_000131775.1,0.08333333333333333
WP_000131901.1,0.08333333333333333
WP_000132630.1,0.08333333333333333
WP_000132712.1,0.08333333333333333
WP_000132961.1,0.08333333333333333
WP_000133044.1,0.08333333333333333
WP_000133106.1,0.08333333333333333
WP_000133193.1,0.08333333333333333
WP_000133388.1,0.08333333333333333
WP_000133393.1,0.08333333333333333
WP_000133425.1,0.08333333333333333
WP_000133587.1,0.08333333333333333
WP_000133631.1,0.08333333333333333
WP_000134002.1,0.08333333333333333
WP_000134113.1,0.08333333333333333
WP_000134629.1,0.08333333333333333
WP_000134855.1,0.08333333333333333
WP_000134927.1,0.08333333333333333
WP_000135039.1,0.08333333333333333
WP_000135058.1,0.08333333333333333
WP_000135199.1,0.08333333333333333
WP_000135224.1,0.08333333333333333
WP_000135625.1,0.08333333333333333
WP_000136079.1,0.08333333333333333
WP_000136192.1,0.08333333333333333
WP_000136788.1,0.08333333333333333
WP_000137171.1,0.08333333333333333
WP_000137640.1,0.08333333333333333
WP_000137884.1,0.08333333333333333
WP_000137954.1,0.08333333333333333
WP_000138003.1,0.08333333333333333
WP_000138043.1,0.08333333333333333
WP_000138184.1,0.08333333333333333
WP_000138282.1,0.08333333333333333
WP_000138556.1,0.08333333333333333
WP_000138558.1,0.08333333333333333
WP_000138748.1,0.08333333333333333
WP_000138864.1,0.08333333333333333
WP_000139119.1,0.08333333333333333
WP_000139447.1,0.08333333333333333
WP_000139462.1,0.08333333333333333
WP_000139466.1,0.08333333333333333
WP_000139485.1,0.08333333333333333
WP_000139561.1,0.08333333333333333
WP_000139661.1,0.08333333333333333
WP_000140327.1,0.08333333333333333
WP_000140506.1,0.08333333333333333
WP_000140578.1,0.08333333333333333
WP_000140631.1,0.08333333333333333
WP_000141034.1,0.08333333333333333
WP_000141275.1,0.08333333333333333
WP_000143065.1,0.08333333333333333
WP_000143067.1,0.08333333333333333
WP_000143458.1,0.08333333333333333
WP_000143988.1,0.08333333333333333
WP_000144081.1,0.08333333333333333
WP_000144344.1,0.08333333333333333
WP_000144581.1,0.08333333333333333
WP_000144764.1,0.08333333333333333
WP_000144795.1,0.08333333333333333
WP_000144847.1,0.08333333333333333
WP_000145410.1,0.08333333333333333
WP_000145915.1,0.08333333333333333
WP_000145931.1,0.08333333333333333
WP_000145935.1,0.08333333333333333
WP_000145975.1,0.08333333333333333
WP_000146159.1,0.08333333333333333
WP_000146359.1,0.08333333333333333
WP_000146388.1,0.08333333333333333
WP_000146755.1,0.08333333333333333
WP_000147302.1,0.08333333333333333
WP_000147622.1,0.08333333333333333
WP_000147776.1,0.08333333333333333
WP_000147987.1,0.08333333333333333
WP_000148051.1,0.08333333333333333
WP_000148545.1,0.08333333333333333
WP_000148581.1,0.08333333333333333
WP_000148710.1,0.08333333333333333
WP_000148963.1,0.08333333333333333
WP_000149107.1,0.08333333333333333
WP_000149639.1,0.08333333333333333
WP_000149999.1,0.08333333333333333
WP_000150543.1,0.08333333333333333
WP_000150612.1,0.08333333333333333
WP_000151715.1,0.08333333333333333
WP_000151812.1,0.08333333333333333
WP_000152320.1,0.08333333333333333
WP_000152519.1,0.08333333333333333
WP_000152933.1,0.08333333333333333
WP_000153070.1,0.08333333333333333
WP_000153129.1,0.08333333333333333
WP_000153268.1,0.08333333333333333
WP_000153288.1,0.08333333333333333
WP_000153502.1,0.08333333333333333
WP_000153902.1,0.08333333333333333
WP_000154043.1,0.08333333333333333
WP_000154352.1,0.08333333333333333
WP_000154396.1,0.08333333333333333
WP_000154958.1,0.08333333333333333
WP_000155257.1,0.08333333333333333
WP_000155657.1,0.08333333333333333
WP_000156155.1,0.08333333333333333
WP_000156258.1,0.08333333333333333
WP_000156526.1,0.08333333333333333
WP_000156618.1,0.08333333333333333
WP_000156701.1,0.08333333333333333
WP_000156811.1,0.08333333333333333
WP_000157003.1,0.08333333333333333
WP_000157271.1,0.08333333333333333
WP_000157586.1,0.08333333333333333
WP_000158056.1,0.08333333333333333
WP_000158159.1,0.08333333333333333
WP_000158561.1,0.08333333333333333
WP_000158906.1,0.08333333333333333
WP_000159449.1,0.08333333333333333
WP_000160336.1,0.08333333333333333
WP_000160654.1,0.08333333333333333
WP_000160723.1,0.08333333333333333
WP_000160811.1,0.08333333333333333
WP_000161265.1,0.08333333333333333
WP_000162574.1,0.08333333333333333
WP_000162740.1,0.08333333333333333
WP_000163774.1,0.08333333333333333
WP_000164025.1,0.08333333333333333
WP_000164439.1,0.08333333333333333
WP_000165543.1,0.08333333333333333
WP_000165714.1,0.08333333333333333
WP_000165876.1,0.08333333333333333
WP_000166270.1,0.08333333333333333
WP_000166313.1,0.08333333333333333
WP_000166449.1,0.08333333333333333
WP_000167336.1,0.08333333333333333
WP_000167595.1,0.08333333333333333
WP_000168305.1,0.08333333333333333
WP_000168421.1,0.08333333333333333
WP_000168513.1,0.08333333333333333
WP_000168589.1,0.08333333333333333
WP_000168711.1,0.08333333333333333
WP_000168751.1,0.08333333333333333
WP_000168788.1,0.08333333333333333
WP_000169173.1,0.08333333333333333
WP_000169624.1,0.08333333333333333
WP_000169742.1,0.08333333333333333
WP_000170346.1,0.08333333333333333
WP_000170954.1,0.08333333333333333
WP_000170963.1,0.08333333333333333
WP_000171604.1,0.08333333333333333
WP_000171710.1,0.08333333333333333
WP_000172008.1,0.08333333333333333
WP_000172466.1,0.08333333333333333
WP_000172738.1,0.08333333333333333
WP_000172749.1,0.08333333333333333
WP_000173011.1,0.08333333333333333
WP_000173030.1,0.08333333333333333
WP_000173224.1,0.08333333333333333
WP_000173471.1,0.08333333333333333
WP_000173697.1,0.08333333333333333
WP_000174068.1,0.08333333333333333
WP_000174589.1,0.08333333333333333
WP_000174701.1,0.08333333333333333
WP_000175032.1,0.08333333333333333
WP_000175287.1,0.08333333333333333
WP_000175313.1,0.08333333333333333
WP_000175365.1,0.08333333333333333
WP_000175641.1,0.08333333333333333
WP_000175940.1,0.08333333333333333
WP_000176187.1,0.08333333333333333
WP_000176265.1,0.08333333333333333
WP_000176537.1,0.08333333333333333
WP_000176738.1,0.08333333333333333
WP_000176813.1,0.08333333333333333
WP_000177232.1,0.08333333333333333
WP_000177506.1,0.08333333333333333
WP_000177746.1,0.08333333333333333
WP_000177948.1,0.08333333333333333
WP_000178045.1,0.08333333333333333
WP_000178456.1,0.08333333333333333
WP_000178647.1,0.08333333333333333
WP_000179165.1,0.08333333333333333
WP_000179409.1,0.08333333333333333
WP_000179469.1,0.08333333333333333
WP_000179513.1,0.08333333333333333
WP_000179836.1,0.08333333333333333
WP_000180056.1,0.08333333333333333
WP_000181307.1,0.08333333333333333
WP_000182053.1,0.08333333333333333
WP_000182852.1,0.08333333333333333
WP_000182899.1,0.08333333333333333
WP_000183060.1,0.08333333333333333
WP_000183113.1,0.08333333333333333
WP_000183344.1,0.08333333333333333
WP_000183364.1,0.08333333333333333
WP_000183479.1,0.08333333333333333
WP_000183532.1,0.08333333333333333
WP_000183925.1,0.08333333333333333
WP_000184089.1,0.08333333333333333
WP_000184261.1,0.08333333333333333
WP_000184606.1,0.08333333333333333
WP_000184851.1,0.08333333333333333
WP_000185243.1,0.08333333333333333
WP_000185340.1,0.08333333333333333
WP_000185454.1,0.08333333333333333
WP_000185456.1,0.08333333333333333
WP_000186104.1,0.08333333333333333
WP_000186369.1,0.08333333333333333
WP_000186450.1,0.08333333333333333
WP_000186540.1,0.08333333333333333
WP_000186648.1,0.08333333333333333
WP_000186740.1,0.08333333333333333
WP_000186844.1,0.08333333333333333
WP_000187008.1,0.08333333333333333
WP_000187358.1,0.08333333333333333
WP_000187445.1,0.08333333333333333
WP_000187530.1,0.08333333333333333
WP_000187594.1,0.08333333333333333
WP_000187775.1,0.08333333333333333
WP_000188174.1,0.08333333333333333
WP_000188862.1,0.08333333333333333
WP_000188870.1,0.08333333333333333
WP_000189014.1,0.08333333333333333
WP_000189187.1,0.08333333333333333
WP_000189215.1,0.08333333333333333
WP_000189317.1,0.08333333333333333
WP_000189536.1,0.08333333333333333
WP_000189743.1,0.08333333333333333
WP_000190288.1,0.08333333333333333
WP_000190506.1,0.08333333333333333
WP_000190516.1,0.08333333333333333
WP_000190577.1,0.08333333333333333
WP_000190651.1,0.08333333333333333
WP_000190855.1,0.08333333333333333
WP_000190982.1,0.08333333333333333
WP_000191257.1,0.08333333333333333
WP_000191362.1,0.08333333333333333
WP_000191541.1,0.08333333333333333
WP_000191596.1,0.08333333333333333
WP_000191872.1,0.08333333333333333
WP_000192540.1,0.08333333333333333
WP_000192748.1,0.08333333333333333
WP_000193393.1,0.08333333333333333
WP_000193447.1,0.08333333333333333
WP_000193529.1,0.08333333333333333
WP_000193803.1,0.08333333333333333
WP_000194527.1,0.08333333333333333
WP_000194720.1,0.08333333333333333
WP_000194760.1,0.08333333333333333
WP_000194763.1,0.08333333333333333
WP_000194779.1,0.08333333333333333
WP_000194798.1,0.08333333333333333
WP_000194871.1,0.08333333333333333
WP_000195009.1,0.08333333333333333
WP_000195186.1,0.08333333333333333
WP_000195286.1,0.08333333333333333
WP_000195961.1,0.08333333333333333
WP_000196256.1,0.08333333333333333
WP_000196875.1,0.08333333333333333
WP_000197192.1,0.08333333333333333
WP_000197360.1,0.08333333333333333
WP_000197578.1,0.08333333333333333
WP_000197686.1,0.08333333333333333
WP_000197859.1,0.08333333333333333
WP_000197985.1,0.08333333333333333
WP_000198153.1,0.08333333333333333
WP_000198214.1,0.08333333333333333
WP_000198328.1,0.08333333333333333
WP_000198733.1,0.08333333333333333
WP_000198815.1,0.08333333333333333
WP_000198852.1,0.08333333333333333
WP_000199295.1,0.08333333333333333
WP_000199442.1,0.08333333333333333
WP_000199475.1,0.08333333333333333
WP_000199485.1,0.08333333333333333
WP_000200120.1,0.08333333333333333
WP_000200379.1,0.08333333333333333
WP_000201060.1,0.08333333333333333
WP_000201407.1,0.08333333333333333
WP_000201819.1,0.08333333333333333
WP_000202795.1,0.08333333333333333
WP_000202900.1,0.08333333333333333
WP_000202940.1,0.08333333333333333
WP_000202996.1,0.08333333333333333
WP_000203025.1,0.08333333333333333
WP_000203107.1,0.08333333333333333
WP_000203541.1,0.08333333333333333
WP_000203741.1,0.08333333333333333
WP_000203893.1,0.08333333333333333
WP_000203905.1,0.08333333333333333
WP_000204018.1,0.08333333333333333
WP_000204139.1,0.08333333333333333
WP_000204340.1,0.08333333333333333
WP_000204658.1,0.08333333333333333
WP_000204742.1,0.08333333333333333
WP_000204825.1,0.08333333333333333
WP_000205762.1,0.08333333333333333
WP_000205806.1,0.08333333333333333
WP_000206275.1,0.08333333333333333
WP_000206445.1,0.08333333333333333
WP_000206995.1,0.08333333333333333
WP_000207116.1,0.08333333333333333
WP_000207556.1,0.08333333333333333
WP_000207678.1,0.08333333333333333
WP_000207903.1,0.08333333333333333
WP_000207924.1,0.08333333333333333
WP_000208018.1,0.08333333333333333
WP_000208194.1,0.08333333333333333
WP_000208242.1,0.08333333333333333
WP_000208520.1,0.08333333333333333
WP_000208668.1,0.08333333333333333
WP_000208757.1,0.08333333333333333
WP_000209030.1,0.08333333333333333
WP_000209521.1,0.08333333333333333
WP_000209826.1,0.08333333333333333
WP_000209883.1,0.08333333333333333
WP_000210111.1,0.08333333333333333
WP_000210739.1,0.08333333333333333
WP_000210801.1,0.08333333333333333
WP_000210878.1,0.08333333333333333
WP_000211123.1,0.08333333333333333
WP_000211172.1,0.08333333333333333
WP_000211225.1,0.08333333333333333
WP_000211655.1,0.08333333333333333
WP_000211693.1,0.08333333333333333
WP_000211858.1,0.08333333333333333
WP_000211937.1,0.08333333333333333
WP_000211971.1,0.08333333333333333
WP_000212254.1,0.08333333333333333
WP_000212464.1,0.08333333333333333
WP_000212652.1,0.08333333333333333
WP_000212746.1,0.08333333333333333
WP_000212768.1,0.08333333333333333
WP_000212822.1,0.08333333333333333
WP_000212897.1,0.08333333333333333
WP_000213028.1,0.08333333333333333
WP_000213047.1,0.08333333333333333
WP_000213294.1,0.08333333333333333
WP_000213385.1,0.08333333333333333
WP_000214398.1,0.08333333333333333
WP_000214474.1,0.08333333333333333
WP_000214510.1,0.08333333333333333
WP_000214712.1,0.08333333333333333
WP_000215141.1,0.08333333333333333
WP_000215549.1,0.08333333333333333
WP_000216210.1,0.08333333333333333
WP_000216532.1,0.08333333333333333
WP_000216629.1,0.08333333333333333
WP_000216636.1,0.08333333333333333
WP_000216649.1,0.08333333333333333
WP_000216653.1,0.08333333333333333
WP_000216791.1,0.08333333333333333
WP_000217135.1,0.08333333333333333
WP_000217252.1,0.08333333333333333
WP_000217739.1,0.08333333333333333
WP_000217879.1,0.08333333333333333
WP_000217950.1,0.08333333333333333
WP_000218228.1,0.08333333333333333
WP_000218362.1,0.08333333333333333
WP_000218480.1,0.08333333333333333
WP_000218642.1,0.08333333333333333
WP_000219122.1,0.08333333333333333
WP_000219193.1,0.08333333333333333
WP_000219686.1,0.08333333333333333
WP_000220128.1,0.08333333333333333
WP_000220281.1,0.08333333333333333
WP_000220402.1,0.08333333333333333
WP_000221794.1,0.08333333333333333
WP_000222188.1,0.08333333333333333
WP_000222489.1,0.08333333333333333
WP_000224054.1,0.08333333333333333
WP_000224099.1,0.08333333333333333
WP_000224233.1,0.08333333333333333
WP_000224291.1,0.08333333333333333
WP_000224334.1,0.08333333333333333
WP_000224402.1,0.08333333333333333
WP_000224470.1,0.08333333333333333
WP_000224573.1,0.08333333333333333
WP_000224677.1,0.08333333333333333
WP_000224714.1,0.08333333333333333
WP_000224877.1,0.08333333333333333
WP_000224907.1,0.08333333333333333
WP_000224968.1,0.08333333333333333
WP_000225204.1,0.08333333333333333
WP_000225276.1,0.08333333333333333
WP_000226403.1,0.08333333333333333
WP_000226520.1,0.08333333333333333
WP_000226815.1,0.08333333333333333
WP_000227811.1,0.08333333333333333
WP_000227927.1,0.08333333333333333
WP_000227958.1,0.08333333333333333
WP_000228271.1,0.08333333333333333
WP_000228346.1,0.08333333333333333
WP_000228473.1,0.08333333333333333
WP_000228544.1,0.08333333333333333
WP_000228583.1,0.08333333333333333
WP_000228655.1,0.08333333333333333
WP_000228926.1,0.08333333333333333
WP_000230277.1,0.08333333333333333
WP_000231928.1,0.08333333333333333
WP_000233043.1,0.08333333333333333
WP_000233090.1,0.08333333333333333
WP_000233299.1,0.08333333333333333
WP_000233319.1,0.08333333333333333
WP_000233452.1,0.08333333333333333
WP_000234483.1,0.08333333333333333
WP_000234823.1,0.08333333333333333
WP_000235090.1,0.08333333333333333
WP_000235211.1,0.08333333333333333
WP_000235436.1,0.08333333333333333
WP_000235522.1,0.08333333333333333
WP_000235663.1,0.08333333333333333
WP_000236317.1,0.08333333333333333
WP_000236977.1,0.08333333333333333
WP_000237947.1,0.08333333333333333
WP_000239181.1,0.08333333333333333
WP_000239579.1,0.08333333333333333
WP_000239596.1,0.08333333333333333
WP_000239733.1,0.08333333333333333
WP_000239881.1,0.08333333333333333
WP_000239959.1,0.08333333333333333
WP_000241011.1,0.08333333333333333
WP_000241259.1,0.08333333333333333
WP_000241671.1,0.08333333333333333
WP_000242755.1,0.08333333333333333
WP_000243741.1,0.08333333333333333
WP_000244203.1,0.08333333333333333
WP_000244781.1,0.08333333333333333
WP_000245650.1,0.08333333333333333
WP_000245816.1,0.08333333333333333
WP_000245915.1,0.08333333333333333
WP_000246158.1,0.08333333333333333
WP_000246434.1,0.08333333333333333
WP_000246553.1,0.08333333333333333
WP_000246788.1,0.08333333333333333
WP_000246815.1,0.08333333333333333
WP_000246856.1,0.08333333333333333
WP_000246882.1,0.08333333333333333
WP_000247761.1,0.08333333333333333
WP_000247872.1,0.08333333333333333
WP_000248639.1,0.08333333333333333
WP_000249209.1,0.08333333333333333
WP_000249410.1,0.08333333333333333
WP_000250007.1,0.08333333333333333
WP_000250274.1,0.08333333333333333
WP_000250473.1,0.08333333333333333
WP_000251735.1,0.08333333333333333
WP_000252388.1,0.08333333333333333
WP_000252905.1,0.08333333333333333
WP_000252980.1,0.08333333333333333
WP_000253274.1,0.08333333333333333
WP_000253799.1,0.08333333333333333
WP_000253975.1,0.08333333333333333
WP_000254140.1,0.08333333333333333
WP_000254360.1,0.08333333333333333
WP_000254636.1,0.08333333333333333
WP_000254708.1,0.08333333333333333
WP_000254738.1,0.08333333333333333
WP_000254839.1,0.08333333333333333
WP_000255020.1,0.08333333333333333
WP_000255079.1,0.08333333333333333
WP_000256002.1,0.08333333333333333
WP_000256203.1,0.08333333333333333
WP_000256391.1,0.08333333333333333
WP_000256438.1,0.08333333333333333
WP_000256450.1,0.08333333333333333
WP_000256574.1,0.08333333333333333
WP_000256678.1,0.08333333333333333
WP_000256723.1,0.08333333333333333
WP_000256969.1,0.08333333333333333
WP_000257187.1,0.08333333333333333
WP_000257278.1,0.08333333333333333
WP_000257293.1,0.08333333333333333
WP_000257409.1,0.08333333333333333
WP_000257738.1,0.08333333333333333
WP_000258241.1,0.08333333333333333
WP_000259002.1,0.08333333333333333
WP_000261909.1,0.08333333333333333
WP_000262107.1,0.08333333333333333
WP_000262146.1,0.08333333333333333
WP_000263098.1,0.08333333333333333
WP_000263347.1,0.08333333333333333
WP_000263572.1,0.08333333333333333
WP_000264777.1,0.08333333333333333
WP_000265265.1,0.08333333333333333
WP_000265942.1,0.08333333333333333
WP_000266488.1,0.08333333333333333
WP_000267612.1,0.08333333333333333
WP_000267654.1,0.08333333333333333
WP_000268232.1,0.08333333333333333
WP_000268419.1,0.08333333333333333
WP_000268835.1,0.08333333333333333
WP_000268860.1,0.08333333333333333
WP_000268861.1,0.08333333333333333
WP_000268862.1,0.08333333333333333
WP_000268883.1,0.08333333333333333
WP_000268955.1,0.08333333333333333
WP_000269501.1,0.08333333333333333
WP_000270282.1,0.08333333333333333
WP_000270305.1,0.08333333333333333
WP_000270375.1,0.08333333333333333
WP_000270665.1,0.08333333333333333
WP_000271153.1,0.08333333333333333
WP_000271401.1,0.08333333333333333
WP_000271685.1,0.08333333333333333
WP_000271966.1,0.08333333333333333
WP_000272188.1,0.08333333333333333
WP_000272824.1,0.08333333333333333
WP_000273151.1,0.08333333333333333
WP_000273309.1,0.08333333333333333
WP_000273724.1,0.08333333333333333
WP_000273919.1,0.08333333333333333
WP_000274629.1,0.08333333333333333
WP_000275365.1,0.08333333333333333
WP_000276149.1,0.08333333333333333
WP_000276458.1,0.08333333333333333
WP_000277885.1,0.08333333333333333
WP_000278505.1,0.08333333333333333
WP_000279786.1,0.08333333333333333
WP_000279869.1,0.08333333333333333
WP_000280488.1,0.08333333333333333
WP_000281320.1,0.08333333333333333
WP_000281463.1,0.08333333333333333
WP_000281680.1,0.08333333333333333
WP_000282084.1,0.08333333333333333
WP_000282125.1,0.08333333333333333
WP_000282209.1,0.08333333333333333
WP_000283664.1,0.08333333333333333
WP_000284027.1,0.08333333333333333
WP_000284050.1,0.08333333333333333
WP_000284240.1,0.08333333333333333
WP_000284277.1,0.08333333333333333
WP_000284506.1,0.08333333333333333
WP_000284517.1,0.08333333333333333
WP_000284518.1,0.08333333333333333
WP_000284522.1,0.08333333333333333
WP_000284524.1,0.08333333333333333
WP_000284602.1,0.08333333333333333
WP_000284714.1,0.08333333333333333
WP_000284784.1,0.08333333333333333
WP_000285328.1,0.08333333333333333
WP_000285607.1,0.08333333333333333
WP_000285784.1,0.08333333333333333
WP_000286494.1,0.08333333333333333
WP_000287458.1,0.08333333333333333
WP_000288132.1,0.08333333333333333
WP_000288369.1,0.08333333333333333
WP_000288572.1,0.08333333333333333
WP_000288710.1,0.08333333333333333
WP_000289090.1,0.08333333333333333
WP_000290223.1,0.08333333333333333
WP_000290345.1,0.08333333333333333
WP_000290456.1,0.08333333333333333
WP_000290570.1,0.08333333333333333
WP_000290727.1,0.08333333333333333
WP_000290823.1,0.08333333333333333
WP_000291263.1,0.08333333333333333
WP_000291541.1,0.08333333333333333
WP_000301028.1,0.08333333333333333
WP_000301248.1,0.08333333333333333
WP_000301651.1,0.08333333333333333
WP_000301737.1,0.08333333333333333
WP_000301797.1,0.08333333333333333
WP_000301864.1,0.08333333333333333
WP_000312488.1,0.08333333333333333
WP_000323555.1,0.08333333333333333
WP_000323571.1,0.08333333333333333
WP_000323843.1,0.08333333333333333
WP_000331376.1,0.08333333333333333
WP_000331454.1,0.08333333333333333
WP_000331566.1,0.08333333333333333
WP_000331673.1,0.08333333333333333
WP_000331707.1,0.08333333333333333
WP_000331776.1,0.08333333333333333
WP_000332037.1,0.08333333333333333
WP_000333125.1,0.08333333333333333
WP_000333170.1,0.08333333333333333
WP_000333495.1,0.08333333333333333
WP_000334100.1,0.08333333333333333
WP_000334221.1,0.08333333333333333
WP_000334610.1,0.08333333333333333
WP_000334881.1,0.08333333333333333
WP_000334896.1,0.08333333333333333
WP_000335698.1,0.08333333333333333
WP_000337047.1,0.08333333333333333
WP_000337657.1,0.08333333333333333
WP_000338604.1,0.08333333333333333
WP_000339106.1,0.08333333333333333
WP_000339283.1,0.08333333333333333
WP_000339489.1,0.08333333333333333
WP_000339591.1,0.08333333333333333
WP_000339792.1,0.08333333333333333
WP_000339951.1,0.08333333333333333
WP_000341004.1,0.08333333333333333
WP_000341032.1,0.08333333333333333
WP_000342430.1,0.08333333333333333
WP_000342450.1,0.08333333333333333
WP_000342643.1,0.08333333333333333
WP_000343210.1,0.08333333333333333
WP_000343292.1,0.08333333333333333
WP_000344800.1,0.08333333333333333
WP_000344820.1,0.08333333333333333
WP_000344963.1,0.08333333333333333
WP_000345010.1,0.08333333333333333
WP_000345402.1,0.08333333333333333
WP_000346017.1,0.08333333333333333
WP_000347013.1,0.08333333333333333
WP_000347117.1,0.08333333333333333
WP_000347215.1,0.08333333333333333
WP_000347273.1,0.08333333333333333
WP_000347633.1,0.08333333333333333
WP_000347714.1,0.08333333333333333
WP_000347850.1,0.08333333333333333
WP_000348565.1,0.08333333333333333
WP_000348794.1,0.08333333333333333
WP_000349287.1,0.08333333333333333
WP_000349509.1,0.08333333333333333
WP_000349855.1,0.08333333333333333
WP_000349922.1,0.08333333333333333
WP_000350058.1,0.08333333333333333
WP_000350395.1,0.08333333333333333
WP_000350591.1,0.08333333333333333
WP_000350958.1,0.08333333333333333
WP_000351284.1,0.08333333333333333
WP_000351464.1,0.08333333333333333
WP_000353873.1,0.08333333333333333
WP_000354046.1,0.08333333333333333
WP_000354622.1,0.08333333333333333
WP_000356841.1,0.08333333333333333
WP_000356956.1,0.08333333333333333
WP_000357265.1,0.08333333333333333
WP_000357763.1,0.08333333333333333
WP_000358930.1,0.08333333333333333
WP_000358960.1,0.08333333333333333
WP_000359446.1,0.08333333333333333
WP_000360402.1,0.08333333333333333
WP_000360900.1,0.08333333333333333
WP_000360951.1,0.08333333333333333
WP_000361458.1,0.08333333333333333
WP_000361615.1,0.08333333333333333
WP_000362388.1,0.08333333333333333
WP_000362678.1,0.08333333333333333
WP_000364335.1,0.08333333333333333
WP_000364872.1,0.08333333333333333
WP_000364939.1,0.08333333333333333
WP_000365100.1,0.08333333333333333
WP_000365150.1,0.08333333333333333
WP_000365585.1,0.08333333333333333
WP_000365788.1,0.08333333333333333
WP_000366040.1,0.08333333333333333
WP_000366129.1,0.08333333333333333
WP_000366470.1,0.08333333333333333
WP_000366959.1,0.08333333333333333
WP_000367041.1,0.08333333333333333
WP_000367171.1,0.08333333333333333
WP_000367376.1,0.08333333333333333
WP_000367870.1,0.08333333333333333
WP_000368046.1,0.08333333333333333
WP_000368131.1,0.08333333333333333
WP_000368529.1,0.08333333333333333
WP_000370883.1,0.08333333333333333
WP_000371666.1,0.08333333333333333
WP_000371704.1,0.08333333333333333
WP_000371930.1,0.08333333333333333
WP_000371994.1,0.08333333333333333
WP_000372111.1,0.08333333333333333
WP_000372139.1,0.08333333333333333
WP_000372242.1,0.08333333333333333
WP_000372370.1,0.08333333333333333
WP_000372941.1,0.08333333333333333
WP_000372942.1,0.08333333333333333
WP_000373050.1,0.08333333333333333
WP_000373933.1,0.08333333333333333
WP_000374012.1,0.08333333333333333
WP_000375128.1,0.08333333333333333
WP_000375956.1,0.08333333333333333
WP_000377184.1,0.08333333333333333
WP_000377224.1,0.08333333333333333
WP_000377785.1,0.08333333333333333
WP_000378056.1,0.08333333333333333
WP_000378258.1,0.08333333333333333
WP_000378442.1,0.08333333333333333
WP_000378596.1,0.08333333333333333
WP_000379246.1,0.08333333333333333
WP_000379288.1,0.08333333333333333
WP_000379425.1,0.08333333333333333
WP_000379575.1,0.08333333333333333
WP_000380316.1,0.08333333333333333
WP_000380861.1,0.08333333333333333
WP_000381170.1,0.08333333333333333
WP_000381303.1,0.08333333333333333
WP_000381516.1,0.08333333333333333
WP_000381746.1,0.08333333333333333
WP_000382971.1,0.08333333333333333
WP_000383096.1,0.08333333333333333
WP_000383257.1,0.08333333333333333
WP_000383407.1,0.08333333333333333
WP_000383479.1,0.08333333333333333
WP_000383836.1,0.08333333333333333
WP_000383932.1,0.08333333333333333
WP_000384145.1,0.08333333333333333
WP_000384306.1,0.08333333333333333
WP_000384413.1,0.08333333333333333
WP_000386538.1,0.08333333333333333
WP_000386733.1,0.08333333333333333
WP_000386949.1,0.08333333333333333
WP_000387388.1,0.08333333333333333
WP_000387713.1,0.08333333333333333
WP_000387782.1,0.08333333333333333
WP_000388107.1,0.08333333333333333
WP_000388207.1,0.08333333333333333
WP_000389022.1,0.08333333333333333
WP_000389030.1,0.08333333333333333
WP_000389260.1,0.08333333333333333
WP_000389818.1,0.08333333333333333
WP_000393511.1,0.08333333333333333
WP_000393844.1,0.08333333333333333
WP_000394102.1,0.08333333333333333
WP_000394274.1,0.08333333333333333
WP_000394548.1,0.08333333333333333
WP_000394552.1,0.08333333333333333
WP_000394983.1,0.08333333333333333
WP_000395849.1,0.08333333333333333
WP_000396036.1,0.08333333333333333
WP_000397129.1,0.08333333333333333
WP_000397144.1,0.08333333333333333
WP_000397387.1,0.08333333333333333
WP_000398619.1,0.08333333333333333
WP_000399120.1,0.08333333333333333
WP_000399404.1,0.08333333333333333
WP_000401141.1,0.08333333333333333
WP_000401586.1,0.08333333333333333
WP_000402207.1,0.08333333333333333
WP_000403517.1,0.08333333333333333
WP_000405647.1,0.08333333333333333
WP_000406000.1,0.08333333333333333
WP_000406064.1,0.08333333333333333
WP_000406214.1,0.08333333333333333
WP_000406315.1,0.08333333333333333
WP_000406391.1,0.08333333333333333
WP_000406488.1,0.08333333333333333
WP_000406926.1,0.08333333333333333
WP_000409195.1,0.08333333333333333
WP_000409451.1,0.08333333333333333
WP_000409798.1,0.08333333333333333
WP_000409847.1,0.08333333333333333
WP_000409911.1,0.08333333333333333
WP_000410141.1,0.08333333333333333
WP_000410201.1,0.08333333333333333
WP_000410785.1,0.08333333333333333
WP_000411791.1,0.08333333333333333
WP_000411805.1,0.08333333333333333
WP_000411809.1,0.08333333333333333
WP_000412169.1,0.08333333333333333
WP_000412375.1,0.08333333333333333
WP_000412428.1,0.08333333333333333
WP_000413677.1,0.08333333333333333
WP_000413705.1,0.08333333333333333
WP_000414437.1,0.08333333333333333
WP_000414566.1,0.08333333333333333
WP_000415416.1,0.08333333333333333
WP_000416407.1,0.08333333333333333
WP_000416895.1,0.08333333333333333
WP_000417058.1,0.08333333333333333
WP_000417405.1,0.08333333333333333
WP_000417831.1,0.08333333333333333
WP_000419032.1,0.08333333333333333
WP_000420639.1,0.08333333333333333
WP_000420837.1,0.08333333333333333
WP_000420876.1,0.08333333333333333
WP_000420898.1,0.08333333333333333
WP_000421248.1,0.08333333333333333
WP_000421305.1,0.08333333333333333
WP_000421763.1,0.08333333333333333
WP_000422055.1,0.08333333333333333
WP_000422149.1,0.08333333333333333
WP_000422218.1,0.08333333333333333
WP_000422760.1,0.08333333333333333
WP_000423257.1,0.08333333333333333
WP_000423729.1,0.08333333333333333
WP_000424145.1,0.08333333333333333
WP_000424181.1,0.08333333333333333
WP_000424395.1,0.08333333333333333
WP_000424823.1,0.08333333333333333
WP_000424894.1,0.08333333333333333
WP_000424924.1,0.08333333333333333
WP_000425434.1,0.08333333333333333
WP_000425681.1,0.08333333333333333
WP_000426124.1,0.08333333333333333
WP_000426148.1,0.08333333333333333
WP_000426292.1,0.08333333333333333
WP_000426437.1,0.08333333333333333
WP_000428805.1,0.08333333333333333
WP_000428998.1,0.08333333333333333
WP_000429091.1,0.08333333333333333
WP_000429145.1,0.08333333333333333
WP_000429386.1,0.08333333333333333
WP_000429656.1,0.08333333333333333
WP_000430049.1,0.08333333333333333
WP_000431368.1,0.08333333333333333
WP_000431834.1,0.08333333333333333
WP_000432970.1,0.08333333333333333
WP_000433455.1,0.08333333333333333
WP_000434038.1,0.08333333333333333
WP_000435663.1,0.08333333333333333
WP_000436922.1,0.08333333333333333
WP_000437371.1,0.08333333333333333
WP_000437885.1,0.08333333333333333
WP_000437935.1,0.08333333333333333
WP_000438245.1,0.08333333333333333
WP_000438541.1,0.08333333333333333
WP_000438581.1,0.08333333333333333
WP_000438736.1,0.08333333333333333
WP_000438931.1,0.08333333333333333
WP_000439193.1,0.08333333333333333
WP_000439331.1,0.08333333333333333
WP_000439863.1,0.08333333333333333
WP_000440317.1,0.08333333333333333
WP_000440480.1,0.08333333333333333
WP_000440775.1,0.08333333333333333
WP_000440902.1,0.08333333333333333
WP_000442860.1,0.08333333333333333
WP_000443092.1,0.08333333333333333
WP_000443495.1,0.08333333333333333
WP_000443697.1,0.08333333333333333
WP_000444180.1,0.08333333333333333
WP_000444294.1,0.08333333333333333
WP_000444477.1,0.08333333333333333
WP_000444585.1,0.08333333333333333
WP_000444607.1,0.08333333333333333
WP_000444747.1,0.08333333333333333
WP_000444937.1,0.08333333333333333
WP_000445155.1,0.08333333333333333
WP_000445231.1,0.08333333333333333
WP_000445413.1,0.08333333333333333
WP_000445550.1,0.08333333333333333
WP_000445658.1,0.08333333333333333
WP_000446027.1,0.08333333333333333
WP_000446391.1,0.08333333333333333
WP_000446871.1,0.08333333333333333
WP_000447253.1,0.08333333333333333
WP_000447361.1,0.08333333333333333
WP_000447529.1,0.08333333333333333
WP_000448121.1,0.08333333333333333
WP_000448391.1,0.08333333333333333
WP_000449168.1,0.08333333333333333
WP_000449175.1,0.08333333333333333
WP_000449192.1,0.08333333333333333
WP_000449463.1,0.08333333333333333
WP_000449938.1,0.08333333333333333
WP_000450121.1,0.08333333333333333
WP_000450409.1,0.08333333333333333
WP_000450476.1,0.08333333333333333
WP_000450588.1,0.08333333333333333
WP_000450610.1,0.08333333333333333
WP_000450627.1,0.08333333333333333
WP_000450712.1,0.08333333333333333
WP_000450992.1,0.08333333333333333
WP_000451012.1,0.08333333333333333
WP_000451254.1,0.08333333333333333
WP_000453564.1,0.08333333333333333
WP_000455227.1,0.08333333333333333
WP_000455634.1,0.08333333333333333
WP_000455644.1,0.08333333333333333
WP_000455798.1,0.08333333333333333
WP_000456466.1,0.08333333333333333
WP_000456725.1,0.08333333333333333
WP_000457196.1,0.08333333333333333
WP_000457334.1,0.08333333333333333
WP_000457644.1,0.08333333333333333
WP_000457728.1,0.08333333333333333
WP_000458420.1,0.08333333333333333
WP_000458817.1,0.08333333333333333
WP_000459192.1,0.08333333333333333
WP_000459374.1,0.08333333333333333
WP_000459457.1,0.08333333333333333
WP_000459594.1,0.08333333333333333
WP_000460035.1,0.08333333333333333
WP_000460145.1,0.08333333333333333
WP_000460360.1,0.08333333333333333
WP_000460431.1,0.08333333333333333
WP_000460512.1,0.08333333333333333
WP_000460672.1,0.08333333333333333
WP_000460708.1,0.08333333333333333
WP_000460778.1,0.08333333333333333
WP_000461646.1,0.08333333333333333
WP_000462673.1,0.08333333333333333
WP_000462776.1,0.08333333333333333
WP_000462905.1,0.08333333333333333
WP_000464491.1,0.08333333333333333
WP_000466957.1,0.08333333333333333
WP_000467098.1,0.08333333333333333
WP_000467180.1,0.08333333333333333
WP_000467692.1,0.08333333333333333
WP_000467859.1,0.08333333333333333
WP_000468186.1,0.08333333333333333
WP_000468836.1,0.08333333333333333
WP_000469031.1,0.08333333333333333
WP_000469270.1,0.08333333333333333
WP_000469694.1,0.08333333333333333
WP_000470580.1,0.08333333333333333
WP_000471889.1,0.08333333333333333
WP_000472021.1,0.08333333333333333
WP_000472399.1,0.08333333333333333
WP_000473113.1,0.08333333333333333
WP_000473502.1,0.08333333333333333
WP_000474077.1,0.08333333333333333
WP_000475719.1,0.08333333333333333
WP_000476014.1,0.08333333333333333
WP_000476093.1,0.08333333333333333
WP_000476146.1,0.08333333333333333
WP_000476484.1,0.08333333333333333
WP_000477225.1,0.08333333333333333
WP_000477369.1,0.08333333333333333
WP_000477623.1,0.08333333333333333
WP_000477811.1,0.08333333333333333
WP_000478195.1,0.08333333333333333
WP_000478513.1,0.08333333333333333
WP_000478621.1,0.08333333333333333
WP_000478717.1,0.08333333333333333
WP_000479043.1,0.08333333333333333
WP_000479046.1,0.08333333333333333
WP_000479117.1,0.08333333333333333
WP_000479161.1,0.08333333333333333
WP_000479626.1,0.08333333333333333
WP_000479838.1,0.08333333333333333
WP_000480245.1,0.08333333333333333
WP_000480501.1,0.08333333333333333
WP_000481500.1,0.08333333333333333
WP_000482518.1,0.08333333333333333
WP_000482901.1,0.08333333333333333
WP_000483251.1,0.08333333333333333
WP_000483353.1,0.08333333333333333
WP_000483856.1,0.08333333333333333
WP_000484042.1,0.08333333333333333
WP_000484311.1,0.08333333333333333
WP_000484404.1,0.08333333333333333
WP_000484644.1,0.08333333333333333
WP_000485019.1,0.08333333333333333
WP_000486982.1,0.08333333333333333
WP_000487246.1,0.08333333333333333
WP_000487600.1,0.08333333333333333
WP_000487652.1,0.08333333333333333
WP_000487766.1,0.08333333333333333
WP_000488716.1,0.08333333333333333
WP_000489254.1,0.08333333333333333
WP_000489578.1,0.08333333333333333
WP_000489651.1,0.08333333333333333
WP_000490072.1,0.08333333333333333
WP_000490275.1,0.08333333333333333
WP_000490413.1,0.08333333333333333
WP_000490679.1,0.08333333333333333
WP_000491140.1,0.08333333333333333
WP_000491488.1,0.08333333333333333
WP_000492327.1,0.08333333333333333
WP_000492638.1,0.08333333333333333
WP_000492656.1,0.08333333333333333
WP_000492914.1,0.08333333333333333
WP_000493360.1,0.08333333333333333
WP_000493513.1,0.08333333333333333
WP_000493563.1,0.08333333333333333
WP_000493785.1,0.08333333333333333
WP_000493949.1,0.08333333333333333
WP_000494181.1,0.08333333333333333
WP_000494244.1,0.08333333333333333
WP_000494484.1,0.08333333333333333
WP_000495369.1,0.08333333333333333
WP_000495766.1,0.08333333333333333
WP_000497137.1,0.08333333333333333
WP_000497723.1,0.08333333333333333
WP_000497942.1,0.08333333333333333
WP_000498253.1,0.08333333333333333
WP_000499454.1,0.08333333333333333
WP_000499458.1,0.08333333333333333
WP_000499593.1,0.08333333333333333
WP_000499793.1,0.08333333333333333
WP_000500712.1,0.08333333333333333
WP_000501604.1,0.08333333333333333
WP_000502397.1,0.08333333333333333
WP_000502842.1,0.08333333333333333
WP_000502952.1,0.08333333333333333
WP_000503931.1,0.08333333333333333
WP_000504050.1,0.08333333333333333
WP_000505866.1,0.08333333333333333
WP_000506490.1,0.08333333333333333
WP_000506898.1,0.08333333333333333
WP_000508177.1,0.08333333333333333
WP_000509132.1,0.08333333333333333
WP_000509481.1,0.08333333333333333
WP_000511025.1,0.08333333333333333
WP_000511301.1,0.08333333333333333
WP_000511315.1,0.08333333333333333
WP_000511966.1,0.08333333333333333
WP_000512153.1,0.08333333333333333
WP_000512370.1,0.08333333333333333
WP_000513737.1,0.08333333333333333
WP_000514287.1,0.08333333333333333
WP_000514945.1,0.08333333333333333
WP_000515042.1,0.08333333333333333
WP_000515108.1,0.08333333333333333
WP_000515426.1,0.08333333333333333
WP_000515612.1,0.08333333333333333
WP_000515959.1,0.08333333333333333
WP_000516135.1,0.08333333333333333
WP_000516280.1,0.08333333333333333
WP_000517100.1,0.08333333333333333
WP_000517430.1,0.08333333333333333
WP_000517476.1,0.08333333333333333
WP_000520684.1,0.08333333333333333
WP_000520781.1,0.08333333333333333
WP_000520804.1,0.08333333333333333
WP_000522199.1,0.08333333333333333
WP_000522250.1,0.08333333333333333
WP_000522424.1,0.08333333333333333
WP_000523005.1,0.08333333333333333
WP_000523616.1,0.08333333333333333
WP_000523844.1,0.08333333333333333
WP_000524073.1,0.08333333333333333
WP_000524868.1,0.08333333333333333
WP_000525186.1,0.08333333333333333
WP_000525361.1,0.08333333333333333
WP_000525610.1,0.08333333333333333
WP_000526425.1,0.08333333333333333
WP_000526515.1,0.08333333333333333
WP_000527769.1,0.08333333333333333
WP_000527844.1,0.08333333333333333
WP_000527955.1,0.08333333333333333
WP_000528342.1,0.08333333333333333
WP_000528376.1,0.08333333333333333
WP_000528538.1,0.08333333333333333
WP_000528605.1,0.08333333333333333
WP_000529292.1,0.08333333333333333
WP_000529576.1,0.08333333333333333
WP_000529945.1,0.08333333333333333
WP_000531208.1,0.08333333333333333
WP_000531462.1,0.08333333333333333
WP_000531527.1,0.08333333333333333
WP_000531594.1,0.08333333333333333
WP_000531969.1,0.08333333333333333
WP_000532909.1,0.08333333333333333
WP_000533402.1,0.08333333333333333
WP_000533440.1,0.08333333333333333
WP_000533522.1,0.08333333333333333
WP_000534283.1,0.08333333333333333
WP_000534351.1,0.08333333333333333
WP_000534648.1,0.08333333333333333
WP_000535494.1,0.08333333333333333
WP_000535951.1,0.08333333333333333
WP_000536233.1,0.08333333333333333
WP_000536590.1,0.08333333333333333
WP_000537418.1,0.08333333333333333
WP_000538191.1,0.08333333333333333
WP_000539792.1,0.08333333333333333
WP_000539795.1,0.08333333333333333
WP_000540956.1,0.08333333333333333
WP_000542800.1,0.08333333333333333
WP_000543386.1,0.08333333333333333
WP_000543457.1,0.08333333333333333
WP_000543535.1,0.08333333333333333
WP_000543582.1,0.08333333333333333
WP_000544359.1,0.08333333333333333
WP_000544679.1,0.08333333333333333
WP_000544954.1,0.08333333333333333
WP_000545043.1,0.08333333333333333
WP_000545677.1,0.08333333333333333
WP_000545728.1,0.08333333333333333
WP_000546228.1,0.08333333333333333
WP_000547760.1,0.08333333333333333
WP_000547965.1,0.08333333333333333
WP_000548294.1,0.08333333333333333
WP_000548347.1,0.08333333333333333
WP_000548536.1,0.08333333333333333
WP_000548547.1,0.08333333333333333
WP_000548680.1,0.08333333333333333
WP_000550422.1,0.08333333333333333
WP_000550559.1,0.08333333333333333
WP_000550626.1,0.08333333333333333
WP_000551270.1,0.08333333333333333
WP_000551807.1,0.08333333333333333
WP_000551992.1,0.08333333333333333
WP_000553231.1,0.08333333333333333
WP_000553451.1,0.08333333333333333
WP_000553550.1,0.08333333333333333
WP_000554210.1,0.08333333333333333
WP_000554757.1,0.08333333333333333
WP_000554959.1,0.08333333333333333
WP_000555471.1,0.08333333333333333
WP_000555853.1,0.08333333333333333
WP_000556285.1,0.08333333333333333
WP_000556400.1,0.08333333333333333
WP_000556583.1,0.08333333333333333
WP_000557378.1,0.08333333333333333
WP_000558061.1,0.08333333333333333
WP_000558209.1,0.08333333333333333
WP_000558251.1,0.08333333333333333
WP_000558527.1,0.08333333333333333
WP_000559268.1,0.08333333333333333
WP_000559764.1,0.08333333333333333
WP_000559900.1,0.08333333333333333
WP_000559928.1,0.08333333333333333
WP_000560223.1,0.08333333333333333
WP_000560249.1,0.08333333333333333
WP_000560631.1,0.08333333333333333
WP_000560983.1,0.08333333333333333
WP_000561902.1,0.08333333333333333
WP_000562750.1,0.08333333333333333
WP_000562982.1,0.08333333333333333
WP_000563014.1,0.08333333333333333
WP_000564489.1,0.08333333333333333
WP_000564730.1,0.08333333333333333
WP_000565963.1,0.08333333333333333
WP_000566150.1,0.08333333333333333
WP_000566359.1,0.08333333333333333
WP_000566489.1,0.08333333333333333
WP_000567001.1,0.08333333333333333
WP_000567512.1,0.08333333333333333
WP_000568275.1,0.08333333333333333
WP_000568414.1,0.08333333333333333
WP_000568519.1,0.08333333333333333
WP_000568779.1,0.08333333333333333
WP_000568934.1,0.08333333333333333
WP_000569080.1,0.08333333333333333
WP_000569336.1,0.08333333333333333
WP_000569419.1,0.08333333333333333
WP_000569696.1,0.08333333333333333
WP_000569958.1,0.08333333333333333
WP_000570541.1,0.08333333333333333
WP_000570668.1,0.08333333333333333
WP_000571476.1,0.08333333333333333
WP_000571681.1,0.08333333333333333
WP_000572164.1,0.08333333333333333
WP_000572462.1,0.08333333333333333
WP_000572668.1,0.08333333333333333
WP_000573374.1,0.08333333333333333
WP_000573391.1,0.08333333333333333
WP_000573412.1,0.08333333333333333
WP_000573621.1,0.08333333333333333
WP_000573920.1,0.08333333333333333
WP_000574087.1,0.08333333333333333
WP_000576690.1,0.08333333333333333
WP_000576975.1,0.08333333333333333
WP_000577566.1,0.08333333333333333
WP_000578056.1,0.08333333333333333
WP_000579535.1,0.08333333333333333
WP_000579833.1,0.08333333333333333
WP_000580316.1,0.08333333333333333
WP_000580323.1,0.08333333333333333
WP_000580410.1,0.08333333333333333
WP_000580831.1,0.08333333333333333
WP_000581721.1,0.08333333333333333
WP_000581937.1,0.08333333333333333
WP_000582452.1,0.08333333333333333
WP_000582946.1,0.08333333333333333
WP_000583277.1,0.08333333333333333
WP_000583470.1,0.08333333333333333
WP_000583635.1,0.08333333333333333
WP_000584114.1,0.08333333333333333
WP_000584457.1,0.08333333333333333
WP_000584472.1,0.08333333333333333
WP_000584553.1,0.08333333333333333
WP_000586320.1,0.08333333333333333
WP_000586451.1,0.08333333333333333
WP_000586714.1,0.08333333333333333
WP_000586964.1,0.08333333333333333
WP_000587574.1,0.08333333333333333
WP_000587764.1,0.08333333333333333
WP_000587933.1,0.08333333333333333
WP_000588474.1,0.08333333333333333
WP_000589070.1,0.08333333333333333
WP_000589319.1,0.08333333333333333
WP_000589487.1,0.08333333333333333
WP_000589827.1,0.08333333333333333
WP_000591342.1,0.08333333333333333
WP_000591743.1,0.08333333333333333
WP_000591795.1,0.08333333333333333
WP_000591997.1,0.08333333333333333
WP_000592771.1,0.08333333333333333
WP_000592852.1,0.08333333333333333
WP_000593272.1,0.08333333333333333
WP_000593555.1,0.08333333333333333
WP_000593900.1,0.08333333333333333
WP_000593994.1,0.08333333333333333
WP_000594599.1,0.08333333333333333
WP_000595064.1,0.08333333333333333
WP_000595482.1,0.08333333333333333
WP_000595554.1,0.08333333333333333
WP_000596020.1,0.08333333333333333
WP_000597196.1,0.08333333333333333
WP_000597260.1,0.08333333333333333
WP_000598612.1,0.08333333333333333
WP_000598641.1,0.08333333333333333
WP_000598882.1,0.08333333333333333
WP_000599596.1,0.08333333333333333
WP_000599636.1,0.08333333333333333
WP_000599788.1,0.08333333333333333
WP_000599935.1,0.08333333333333333
WP_000600543.1,0.08333333333333333
WP_000600700.1,0.08333333333333333
WP_000601867.1,0.08333333333333333
WP_000603384.1,0.08333333333333333
WP_000603526.1,0.08333333333333333
WP_000604034.1,0.08333333333333333
WP_000604943.1,0.08333333333333333
WP_000605090.1,0.08333333333333333
WP_000605370.1,0.08333333333333333
WP_000605477.1,0.08333333333333333
WP_000606434.1,0.08333333333333333
WP_000606493.1,0.08333333333333333
WP_000607020.1,0.08333333333333333
WP_000609663.1,0.08333333333333333
WP_000609742.1,0.08333333333333333
WP_000610375.1,0.08333333333333333
WP_000610461.1,0.08333333333333333
WP_000610591.1,0.08333333333333333
WP_000610901.1,0.08333333333333333
WP_000611288.1,0.08333333333333333
WP_000611328.1,0.08333333333333333
WP_000611407.1,0.08333333333333333
WP_000611787.1,0.08333333333333333
WP_000611868.1,0.08333333333333333
WP_000611911.1,0.08333333333333333
WP_000611932.1,0.08333333333333333
WP_000612040.1,0.08333333333333333
WP_000612150.1,0.08333333333333333
WP_000612591.1,0.08333333333333333
WP_000612644.1,0.08333333333333333
WP_000612943.1,0.08333333333333333
WP_000613955.1,0.08333333333333333
WP_000614374.1,0.08333333333333333
WP_000615801.1,0.08333333333333333
WP_000616247.1,0.08333333333333333
WP_000616773.1,0.08333333333333333
WP_000617115.1,0.08333333333333333
WP_000617490.1,0.08333333333333333
WP_000617544.1,0.08333333333333333
WP_000617675.1,0.08333333333333333
WP_000617723.1,0.08333333333333333
WP_000619389.1,0.08333333333333333
WP_000619508.1,0.08333333333333333
WP_000620075.1,0.08333333333333333
WP_000620409.1,0.08333333333333333
WP_000620533.1,0.08333333333333333
WP_000621004.1,0.08333333333333333
WP_000621336.1,0.08333333333333333
WP_000621515.1,0.08333333333333333
WP_000621641.1,0.08333333333333333
WP_000622104.1,0.08333333333333333
WP_000622284.1,0.08333333333333333
WP_000622418.1,0.08333333333333333
WP_000622545.1,0.08333333333333333
WP_000623136.1,0.08333333333333333
WP_000624305.1,0.08333333333333333
WP_000624372.1,0.08333333333333333
WP_000624681.1,0.08333333333333333
WP_000624701.1,0.08333333333333333
WP_000625658.1,0.08333333333333333
WP_000625837.1,0.08333333333333333
WP_000626187.1,0.08333333333333333
WP_000626399.1,0.08333333333333333
WP_000626703.1,0.08333333333333333
WP_000627807.1,0.08333333333333333
WP_000627885.1,0.08333333333333333
WP_000627995.1,0.08333333333333333
WP_000628061.1,0.08333333333333333
WP_000628197.1,0.08333333333333333
WP_000628537.1,0.08333333333333333
WP_000628671.1,0.08333333333333333
WP_000628731.1,0.08333333333333333
WP_000631384.1,0.08333333333333333
WP_000631719.1,0.08333333333333333
WP_000633573.1,0.08333333333333333
WP_000633668.1,0.08333333333333333
WP_000634235.1,0.08333333333333333
WP_000634798.1,0.08333333333333333
WP_000635546.1,0.08333333333333333
WP_000636568.1,0.08333333333333333
WP_000636932.1,0.08333333333333333
WP_000637937.1,0.08333333333333333
WP_000637975.1,0.08333333333333333
WP_000638034.1,0.08333333333333333
WP_000639267.1,0.08333333333333333
WP_000639806.1,0.08333333333333333
WP_000639956.1,0.08333333333333333
WP_000640002.1,0.08333333333333333
WP_000640035.1,0.08333333333333333
WP_000640048.1,0.08333333333333333
WP_000640158.1,0.08333333333333333
WP_000640959.1,0.08333333333333333
WP_000642196.1,0.08333333333333333
WP_000642345.1,0.08333333333333333
WP_000642407.1,0.08333333333333333
WP_000642480.1,0.08333333333333333
WP_000642546.1,0.08333333333333333
WP_000642854.1,0.08333333333333333
WP_000643341.1,0.08333333333333333
WP_000644686.1,0.08333333333333333
WP_000644741.1,0.08333333333333333
WP_000644904.1,0.08333333333333333
WP_000645203.1,0.08333333333333333
WP_000645404.1,0.08333333333333333
WP_000646013.1,0.08333333333333333
WP_000646033.1,0.08333333333333333
WP_000646078.1,0.08333333333333333
WP_000646142.1,0.08333333333333333
WP_000646830.1,0.08333333333333333
WP_000647911.1,0.08333333333333333
WP_000648420.1,0.08333333333333333
WP_000648586.1,0.08333333333333333
WP_000649753.1,0.08333333333333333
WP_000649829.1,0.08333333333333333
WP_000649830.1,0.08333333333333333
WP_000650337.1,0.08333333333333333
WP_000651286.1,0.08333333333333333
WP_000651595.1,0.08333333333333333
WP_000653944.1,0.08333333333333333
WP_000654503.1,0.08333333333333333
WP_000654618.1,0.08333333333333333
WP_000655821.1,0.08333333333333333
WP_000655986.1,0.08333333333333333
WP_000656027.1,0.08333333333333333
WP_000657677.1,0.08333333333333333
WP_000658575.1,0.08333333333333333
WP_000658652.1,0.08333333333333333
WP_000660231.1,0.08333333333333333
WP_000660483.1,0.08333333333333333
WP_000660586.1,0.08333333333333333
WP_000660766.1,0.08333333333333333
WP_000661633.1,0.08333333333333333
WP_000661712.1,0.08333333333333333
WP_000662427.1,0.08333333333333333
WP_000665217.1,0.08333333333333333
WP_000665314.1,0.08333333333333333
WP_000665680.1,0.08333333333333333
WP_000667043.1,0.08333333333333333
WP_000667319.1,0.08333333333333333
WP_000667528.1,0.08333333333333333
WP_000668700.1,0.08333333333333333
WP_000669785.1,0.08333333333333333
WP_000669834.1,0.08333333333333333
WP_000670998.1,0.08333333333333333
WP_000671574.1,0.08333333333333333
WP_000671689.1,0.08333333333333333
WP_000671724.1,0.08333333333333333
WP_000672328.1,0.08333333333333333
WP_000673362.1,0.08333333333333333
WP_000673464.1,0.08333333333333333
WP_000673572.1,0.08333333333333333
WP_000673937.1,0.08333333333333333
WP_000675144.1,0.08333333333333333
WP_000675435.1,0.08333333333333333
WP_000675516.1,0.08333333333333333
WP_000675739.1,0.08333333333333333
WP_000675931.1,0.08333333333333333
WP_000676061.1,0.08333333333333333
WP_000677094.1,0.08333333333333333
WP_000677408.1,0.08333333333333333
WP_000678201.1,0.08333333333333333
WP_000678646.1,0.08333333333333333
WP_000678969.1,0.08333333333333333
WP_000679812.1,0.08333333333333333
WP_000679972.1,0.08333333333333333
WP_000680307.1,0.08333333333333333
WP_000681108.1,0.08333333333333333
WP_000681368.1,0.08333333333333333
WP_000681927.1,0.08333333333333333
WP_000682316.1,0.08333333333333333
WP_000682524.1,0.08333333333333333
WP_000682716.1,0.08333333333333333
WP_000682830.1,0.08333333333333333
WP_000683035.1,0.08333333333333333
WP_000683063.1,0.08333333333333333
WP_000683105.1,0.08333333333333333
WP_000683335.1,0.08333333333333333
WP_000683609.1,0.08333333333333333
WP_000683769.1,0.08333333333333333
WP_000684321.1,0.08333333333333333
WP_000685029.1,0.08333333333333333
WP_000686531.1,0.08333333333333333
WP_000686620.1,0.08333333333333333
WP_000686723.1,0.08333333333333333
WP_000687164.1,0.08333333333333333
WP_000687756.1,0.08333333333333333
WP_000689228.1,0.08333333333333333
WP_000689844.1,0.08333333333333333
WP_000690236.1,0.08333333333333333
WP_000691070.1,0.08333333333333333
WP_000691354.1,0.08333333333333333
WP_000691382.1,0.08333333333333333
WP_000691708.1,0.08333333333333333
WP_000691929.1,0.08333333333333333
WP_000691952.1,0.08333333333333333
WP_000692156.1,0.08333333333333333
WP_000692204.1,0.08333333333333333
WP_000692767.1,0.08333333333333333
WP_000693803.1,0.08333333333333333
WP_000693816.1,0.08333333333333333
WP_000693855.1,0.08333333333333333
WP_000693878.1,0.08333333333333333
WP_000693915.1,0.08333333333333333
WP_000693943.1,0.08333333333333333
WP_000694687.1,0.08333333333333333
WP_000695220.1,0.08333333333333333
WP_000695387.1,0.08333333333333333
WP_000695517.1,0.08333333333333333
WP_000695554.1,0.08333333333333333
WP_000695640.1,0.08333333333333333
WP_000695690.1,0.08333333333333333
WP_000697915.1,0.08333333333333333
WP_000698892.1,0.08333333333333333
WP_000699109.1,0.08333333333333333
WP_000699232.1,0.08333333333333333
WP_000699727.1,0.08333333333333333
WP_000699809.1,0.08333333333333333
WP_000700703.1,0.08333333333333333
WP_000701046.1,0.08333333333333333
WP_000701842.1,0.08333333333333333
WP_000702307.1,0.08333333333333333
WP_000702550.1,0.08333333333333333
WP_000702660.1,0.08333333333333333
WP_000702797.1,0.08333333333333333
WP_000702966.1,0.08333333333333333
WP_000703914.1,0.08333333333333333
WP_000703959.1,0.08333333333333333
WP_000704522.1,0.08333333333333333
WP_000704871.1,0.08333333333333333
WP_000705189.1,0.08333333333333333
WP_000705621.1,0.08333333333333333
WP_000705685.1,0.08333333333333333
WP_000705859.1,0.08333333333333333
WP_000706257.1,0.08333333333333333
WP_000706310.1,0.08333333333333333
WP_000706350.1,0.08333333333333333
WP_000708496.1,0.08333333333333333
WP_000708998.1,0.08333333333333333
WP_000709077.1,0.08333333333333333
WP_000709868.1,0.08333333333333333
WP_000710619.1,0.08333333333333333
WP_000710769.1,0.08333333333333333
WP_000710952.1,0.08333333333333333
WP_000710962.1,0.08333333333333333
WP_000711018.1,0.08333333333333333
WP_000712658.1,0.08333333333333333
WP_000714550.1,0.08333333333333333
WP_000715214.1,0.08333333333333333
WP_000716189.1,0.08333333333333333
WP_000716386.1,0.08333333333333333
WP_000716940.1,0.08333333333333333
WP_000717112.1,0.08333333333333333
WP_000717694.1,0.08333333333333333
WP_000718899.1,0.08333333333333333
WP_000718995.1,0.08333333333333333
WP_000719088.1,0.08333333333333333
WP_000719886.1,0.08333333333333333
WP_000719990.1,0.08333333333333333
WP_000720639.1,0.08333333333333333
WP_000722948.1,0.08333333333333333
WP_000723631.1,0.08333333333333333
WP_000723716.1,0.08333333333333333
WP_000723942.1,0.08333333333333333
WP_000725337.1,0.08333333333333333
WP_000726734.1,0.08333333333333333
WP_000729117.1,0.08333333333333333
WP_000729155.1,0.08333333333333333
WP_000729185.1,0.08333333333333333
WP_000729611.1,0.08333333333333333
WP_000729705.1,0.08333333333333333
WP_000730263.1,0.08333333333333333
WP_000730817.1,0.08333333333333333
WP_000730972.1,0.08333333333333333
WP_000731204.1,0.08333333333333333
WP_000731221.1,0.08333333333333333
WP_000731241.1,0.08333333333333333
WP_000731259.1,0.08333333333333333
WP_000731827.1,0.08333333333333333
WP_000732240.1,0.08333333333333333
WP_000732491.1,0.08333333333333333
WP_000733592.1,0.08333333333333333
WP_000733713.1,0.08333333333333333
WP_000733890.1,0.08333333333333333
WP_000734215.1,0.08333333333333333
WP_000734287.1,0.08333333333333333
WP_000734304.1,0.08333333333333333
WP_000735246.1,0.08333333333333333
WP_000735274.1,0.08333333333333333
WP_000735407.1,0.08333333333333333
WP_000735655.1,0.08333333333333333
WP_000736023.1,0.08333333333333333
WP_000736151.1,0.08333333333333333
WP_000736260.1,0.08333333333333333
WP_000736862.1,0.08333333333333333
WP_000737014.1,0.08333333333333333
WP_000737224.1,0.08333333333333333
WP_000737329.1,0.08333333333333333
WP_000737621.1,0.08333333333333333
WP_000738068.1,0.08333333333333333
WP_000738495.1,0.08333333333333333
WP_000738505.1,0.08333333333333333
WP_000738579.1,0.08333333333333333
WP_000738742.1,0.08333333333333333
WP_000739029.1,0.08333333333333333
WP_000740078.1,0.08333333333333333
WP_000741164.1,0.08333333333333333
WP_000741454.1,0.08333333333333333
WP_000741571.1,0.08333333333333333
WP_000741620.1,0.08333333333333333
WP_000741836.1,0.08333333333333333
WP_000741879.1,0.08333333333333333
WP_000742111.1,0.08333333333333333
WP_000742143.1,0.08333333333333333
WP_000742329.1,0.08333333333333333
WP_000743199.1,0.08333333333333333
WP_000743444.1,0.08333333333333333
WP_000745248.1,0.08333333333333333
WP_000745483.1,0.08333333333333333
WP_000745732.1,0.08333333333333333
WP_000746183.1,0.08333333333333333
WP_000746206.1,0.08333333333333333
WP_000746446.1,0.08333333333333333
WP_000747329.1,0.08333333333333333
WP_000747625.1,0.08333333333333333
WP_000747948.1,0.08333333333333333
WP_000748238.1,0.08333333333333333
WP_000748496.1,0.08333333333333333
WP_000749261.1,0.08333333333333333
WP_000749881.1,0.08333333333333333
WP_000750155.1,0.08333333333333333
WP_000750295.1,0.08333333333333333
WP_000750335.1,0.08333333333333333
WP_000750398.1,0.08333333333333333
WP_000750416.1,0.08333333333333333
WP_000751612.1,0.08333333333333333
WP_000752026.1,0.08333333333333333
WP_000752995.1,0.08333333333333333
WP_000753016.1,0.08333333333333333
WP_000753589.1,0.08333333333333333
WP_000753709.1,0.08333333333333333
WP_000753946.1,0.08333333333333333
WP_000754737.1,0.08333333333333333
WP_000755178.1,0.08333333333333333
WP_000756550.1,0.08333333333333333
WP_000756565.1,0.08333333333333333
WP_000756595.1,0.08333333333333333
WP_000756596.1,0.08333333333333333
WP_000756855.1,0.08333333333333333
WP_000756950.1,0.08333333333333333
WP_000758066.1,0.08333333333333333
WP_000758167.1,0.08333333333333333
WP_000758655.1,0.08333333333333333
WP_000758914.1,0.08333333333333333
WP_000758956.1,0.08333333333333333
WP_000759107.1,0.08333333333333333
WP_000759316.1,0.08333333333333333
WP_000759881.1,0.08333333333333333
WP_000760654.1,0.08333333333333333
WP_000761268.1,0.08333333333333333
WP_000761781.1,0.08333333333333333
WP_000762193.1,0.08333333333333333
WP_000762229.1,0.08333333333333333
WP_000762401.1,0.08333333333333333
WP_000762929.1,0.08333333333333333
WP_000763151.1,0.08333333333333333
WP_000763352.1,0.08333333333333333
WP_000763363.1,0.08333333333333333
WP_000763383.1,0.08333333333333333
WP_000763520.1,0.08333333333333333
WP_000763742.1,0.08333333333333333
WP_000763867.1,0.08333333333333333
WP_000764731.1,0.08333333333333333
WP_000765604.1,0.08333333333333333
WP_000765749.1,0.08333333333333333
WP_000765822.1,0.08333333333333333
WP_000766134.1,0.08333333333333333
WP_000767329.1,0.08333333333333333
WP_000767391.1,0.08333333333333333
WP_000767654.1,0.08333333333333333
WP_000767724.1,0.08333333333333333
WP_000768382.1,0.08333333333333333
WP_000769322.1,0.08333333333333333
WP_000769961.1,0.08333333333333333
WP_000770148.1,0.08333333333333333
WP_000770849.1,0.08333333333333333
WP_000770953.1,0.08333333333333333
WP_000771396.1,0.08333333333333333
WP_000771719.1,0.08333333333333333
WP_000772446.1,0.08333333333333333
WP_000772452.1,0.08333333333333333
WP_000772746.1,0.08333333333333333
WP_000772884.1,0.08333333333333333
WP_000772953.1,0.08333333333333333
WP_000773276.1,0.08333333333333333
WP_000774161.1,0.08333333333333333
WP_000774248.1,0.08333333333333333
WP_000774504.1,0.08333333333333333
WP_000774731.1,0.08333333333333333
WP_000774978.1,0.08333333333333333
WP_000775540.1,0.08333333333333333
WP_000775783.1,0.08333333333333333
WP_000775988.1,0.08333333333333333
WP_000776104.1,0.08333333333333333
WP_000776191.1,0.08333333333333333
WP_000776253.1,0.08333333333333333
WP_000776388.1,0.08333333333333333
WP_000776517.1,0.08333333333333333
WP_000776550.1,0.08333333333333333
WP_000776555.1,0.08333333333333333
WP_000776768.1,0.08333333333333333
WP_000777971.1,0.08333333333333333
WP_000778047.1,0.08333333333333333
WP_000778147.1,0.08333333333333333
WP_000778769.1,0.08333333333333333
WP_000779084.1,0.08333333333333333
WP_000779412.1,0.08333333333333333
WP_000779800.1,0.08333333333333333
WP_000779831.1,0.08333333333333333
WP_000780338.1,0.08333333333333333
WP_000780681.1,0.08333333333333333
WP_000780912.1,0.08333333333333333
WP_000781063.1,0.08333333333333333
WP_000781883.1,0.08333333333333333
WP_000783120.1,0.08333333333333333
WP_000784348.1,0.08333333333333333
WP_000784447.1,0.08333333333333333
WP_000784815.1,0.08333333333333333
WP_000785149.1,0.08333333333333333
WP_000785599.1,0.08333333333333333
WP_000785722.1,0.08333333333333333
WP_000785835.1,0.08333333333333333
WP_000785916.1,0.08333333333333333
WP_000786000.1,0.08333333333333333
WP_000786278.1,0.08333333333333333
WP_000786353.1,0.08333333333333333
WP_000786399.1,0.08333333333333333
WP_000786626.1,0.08333333333333333
WP_000786773.1,0.08333333333333333
WP_000786908.1,0.08333333333333333
WP_000787124.1,0.08333333333333333
WP_000787428.1,0.08333333333333333
WP_000787519.1,0.08333333333333333
WP_000788751.1,0.08333333333333333
WP_000788869.1,0.08333333333333333
WP_000788906.1,0.08333333333333333
WP_000788928.1,0.08333333333333333
WP_000788938.1,0.08333333333333333
WP_000788980.1,0.08333333333333333
WP_000789502.1,0.08333333333333333
WP_000789589.1,0.08333333333333333
WP_000789986.1,0.08333333333333333
WP_000790168.1,0.08333333333333333
WP_000790504.1,0.08333333333333333
WP_000790583.1,0.08333333333333333
WP_000792970.1,0.08333333333333333
WP_000794741.1,0.08333333333333333
WP_000795547.1,0.08333333333333333
WP_000795630.1,0.08333333333333333
WP_000796272.1,0.08333333333333333
WP_000796310.1,0.08333333333333333
WP_000796483.1,0.08333333333333333
WP_000796528.1,0.08333333333333333
WP_000797281.1,0.08333333333333333
WP_000797372.1,0.08333333333333333
WP_000797566.1,0.08333333333333333
WP_000797656.1,0.08333333333333333
WP_000798125.1,0.08333333333333333
WP_000798871.1,0.08333333333333333
WP_000799175.1,0.08333333333333333
WP_000799385.1,0.08333333333333333
WP_000799889.1,0.08333333333333333
WP_000799911.1,0.08333333333333333
WP_000799956.1,0.08333333333333333
WP_000800153.1,0.08333333333333333
WP_000800183.1,0.08333333333333333
WP_000800457.1,0.08333333333333333
WP_000800512.1,0.08333333333333333
WP_000801125.1,0.08333333333333333
WP_000801382.1,0.08333333333333333
WP_000801803.1,0.08333333333333333
WP_000802080.1,0.08333333333333333
WP_000802226.1,0.08333333333333333
WP_000802514.1,0.08333333333333333
WP_000803190.1,0.08333333333333333
WP_000803334.1,0.08333333333333333
WP_000803524.1,0.08333333333333333
WP_000803687.1,0.08333333333333333
WP_000803797.1,0.08333333333333333
WP_000803992.1,0.08333333333333333
WP_000803998.1,0.08333333333333333
WP_000804405.1,0.08333333333333333
WP_000804528.1,0.08333333333333333
WP_000804543.1,0.08333333333333333
WP_000804726.1,0.08333333333333333
WP_000804928.1,0.08333333333333333
WP_000805027.1,0.08333333333333333
WP_000805428.1,0.08333333333333333
WP_000805473.1,0.08333333333333333
WP_000805544.1,0.08333333333333333
WP_000805650.1,0.08333333333333333
WP_000805884.1,0.08333333333333333
WP_000806161.1,0.08333333333333333
WP_000806411.1,0.08333333333333333
WP_000806442.1,0.08333333333333333
WP_000806640.1,0.08333333333333333
WP_000807125.1,0.08333333333333333
WP_000807362.1,0.08333333333333333
WP_000807584.1,0.08333333333333333
WP_000807753.1,0.08333333333333333
WP_000807954.1,0.08333333333333333
WP_000807964.1,0.08333333333333333
WP_000808338.1,0.08333333333333333
WP_000808389.1,0.08333333333333333
WP_000808667.1,0.08333333333333333
WP_000809051.1,0.08333333333333333
WP_000809182.1,0.08333333333333333
WP_000809262.1,0.08333333333333333
WP_000809770.1,0.08333333333333333
WP_000810293.1,0.08333333333333333
WP_000811067.1,0.08333333333333333
WP_000811566.1,0.08333333333333333
WP_000811924.1,0.08333333333333333
WP_000812053.1,0.08333333333333333
WP_000812736.1,0.08333333333333333
WP_000812807.1,0.08333333333333333
WP_000812974.1,0.08333333333333333
WP_000813037.1,0.08333333333333333
WP_000813185.1,0.08333333333333333
WP_000813254.1,0.08333333333333333
WP_000813258.1,0.08333333333333333
WP_000813263.1,0.08333333333333333
WP_000813634.1,0.08333333333333333
WP_000813794.1,0.08333333333333333
WP_000813860.1,0.08333333333333333
WP_000814575.1,0.08333333333333333
WP_000815358.1,0.08333333333333333
WP_000815433.1,0.08333333333333333
WP_000815575.1,0.08333333333333333
WP_000815971.1,0.08333333333333333
WP_000816232.1,0.08333333333333333
WP_000816280.1,0.08333333333333333
WP_000816471.1,0.08333333333333333
WP_000817031.1,0.08333333333333333
WP_000817098.1,0.08333333333333333
WP_000817183.1,0.08333333333333333
WP_000817243.1,0.08333333333333333
WP_000817685.1,0.08333333333333333
WP_000818114.1,0.08333333333333333
WP_000818246.1,0.08333333333333333
WP_000818414.1,0.08333333333333333
WP_000818441.1,0.08333333333333333
WP_000818601.1,0.08333333333333333
WP_000818618.1,0.08333333333333333
WP_000818900.1,0.08333333333333333
WP_000819018.1,0.08333333333333333
WP_000820483.1,0.08333333333333333
WP_000820735.1,0.08333333333333333
WP_000820782.1,0.08333333333333333
WP_000822268.1,0.08333333333333333
WP_000822672.1,0.08333333333333333
WP_000823288.1,0.08333333333333333
WP_000823885.1,0.08333333333333333
WP_000823897.1,0.08333333333333333
WP_000824123.1,0.08333333333333333
WP_000824439.1,0.08333333333333333
WP_000825463.1,0.08333333333333333
WP_000825602.1,0.08333333333333333
WP_000825639.1,0.08333333333333333
WP_000825700.1,0.08333333333333333
WP_000825801.1,0.08333333333333333
WP_000825994.1,0.08333333333333333
WP_000826430.1,0.08333333333333333
WP_000826440.1,0.08333333333333333
WP_000826499.1,0.08333333333333333
WP_000826732.1,0.08333333333333333
WP_000827117.1,0.08333333333333333
WP_000827370.1,0.08333333333333333
WP_000828070.1,0.08333333333333333
WP_000828222.1,0.08333333333333333
WP_000828351.1,0.08333333333333333
WP_000828465.1,0.08333333333333333
WP_000828648.1,0.08333333333333333
WP_000829013.1,0.08333333333333333
WP_000829192.1,0.08333333333333333
WP_000829200.1,0.08333333333333333
WP_000829232.1,0.08333333333333333
WP_000829314.1,0.08333333333333333
WP_000829498.1,0.08333333333333333
WP_000829798.1,0.08333333333333333
WP_000829818.1,0.08333333333333333
WP_000830577.1,0.08333333333333333
WP_000830741.1,0.08333333333333333
WP_000831330.1,0.08333333333333333
WP_000831543.1,0.08333333333333333
WP_000831640.1,0.08333333333333333
WP_000831796.1,0.08333333333333333
WP_000832221.1,0.08333333333333333
WP_000832417.1,0.08333333333333333
WP_000832551.1,0.08333333333333333
WP_000833288.1,0.08333333333333333
WP_000833393.1,0.08333333333333333
WP_000833582.1,0.08333333333333333
WP_000833686.1,0.08333333333333333
WP_000834456.1,0.08333333333333333
WP_000835042.1,0.08333333333333333
WP_000835174.1,0.08333333333333333
WP_000835336.1,0.08333333333333333
WP_000835360.1,0.08333333333333333
WP_000836900.1,0.08333333333333333
WP_000837557.1,0.08333333333333333
WP_000838261.1,0.08333333333333333
WP_000838887.1,0.08333333333333333
WP_000838957.1,0.08333333333333333
WP_000839159.1,0.08333333333333333
WP_000839208.1,0.08333333333333333
WP_000839282.1,0.08333333333333333
WP_000839815.1,0.08333333333333333
WP_000839950.1,0.08333333333333333
WP_000840323.1,0.08333333333333333
WP_000840472.1,0.08333333333333333
WP_000840481.1,0.08333333333333333
WP_000841001.1,0.08333333333333333
WP_000841554.1,0.08333333333333333
WP_000842102.1,0.08333333333333333
WP_000842823.1,0.08333333333333333
WP_000842944.1,0.08333333333333333
WP_000843419.1,0.08333333333333333
WP_000843566.1,0.08333333333333333
WP_000843866.1,0.08333333333333333
WP_000844063.1,0.08333333333333333
WP_000844219.1,0.08333333333333333
WP_000844800.1,0.08333333333333333
WP_000844886.1,0.08333333333333333
WP_000845107.1,0.08333333333333333
WP_000845408.1,0.08333333333333333
WP_000845908.1,0.08333333333333333
WP_000846238.1,0.08333333333333333
WP_000846342.1,0.08333333333333333
WP_000847298.1,0.08333333333333333
WP_000847304.1,0.08333333333333333
WP_000847331.1,0.08333333333333333
WP_000847449.1,0.08333333333333333
WP_000847559.1,0.08333333333333333
WP_000847706.1,0.08333333333333333
WP_000847791.1,0.08333333333333333
WP_000847833.1,0.08333333333333333
WP_000847882.1,0.08333333333333333
WP_000848536.1,0.08333333333333333
WP_000848664.1,0.08333333333333333
WP_000849216.1,0.08333333333333333
WP_000849297.1,0.08333333333333333
WP_000850325.1,0.08333333333333333
WP_000850550.1,0.08333333333333333
WP_000852126.1,0.08333333333333333
WP_000852277.1,0.08333333333333333
WP_000852688.1,0.08333333333333333
WP_000852812.1,0.08333333333333333
WP_000852835.1,0.08333333333333333
WP_000853048.1,0.08333333333333333
WP_000853230.1,0.08333333333333333
WP_000853749.1,0.08333333333333333
WP_000853846.1,0.08333333333333333
WP_000853959.1,0.08333333333333333
WP_000854038.1,0.08333333333333333
WP_000854442.1,0.08333333333333333
WP_000854658.1,0.08333333333333333
WP_000854712.1,0.08333333333333333
WP_000854987.1,0.08333333333333333
WP_000855395.1,0.08333333333333333
WP_000856744.1,0.08333333333333333
WP_000856824.1,0.08333333333333333
WP_000857037.1,0.08333333333333333
WP_000857257.1,0.08333333333333333
WP_000857405.1,0.08333333333333333
WP_000857854.1,0.08333333333333333
WP_000858193.1,0.08333333333333333
WP_000858212.1,0.08333333333333333
WP_000858545.1,0.08333333333333333
WP_000859148.1,0.08333333333333333
WP_000859972.1,0.08333333333333333
WP_000860023.1,0.08333333333333333
WP_000860179.1,0.08333333333333333
WP_000860282.1,0.08333333333333333
WP_000861334.1,0.08333333333333333
WP_000861740.1,0.08333333333333333
WP_000862346.1,0.08333333333333333
WP_000862703.1,0.08333333333333333
WP_000863205.1,0.08333333333333333
WP_000865208.1,0.08333333333333333
WP_000865552.1,0.08333333333333333
WP_000866436.1,0.08333333333333333
WP_000866672.1,0.08333333333333333
WP_000866861.1,0.08333333333333333
WP_000867143.1,0.08333333333333333
WP_000867217.1,0.08333333333333333
WP_000867493.1,0.08333333333333333
WP_000867641.1,0.08333333333333333
WP_000868187.1,0.08333333333333333
WP_000869160.1,0.08333333333333333
WP_000870710.1,0.08333333333333333
WP_000870913.1,0.08333333333333333
WP_000871478.1,0.08333333333333333
WP_000871982.1,0.08333333333333333
WP_000872798.1,0.08333333333333333
WP_000872908.1,0.08333333333333333
WP_000873894.1,0.08333333333333333
WP_000874227.1,0.08333333333333333
WP_000874257.1,0.08333333333333333
WP_000874392.1,0.08333333333333333
WP_000874499.1,0.08333333333333333
WP_000874954.1,0.08333333333333333
WP_000875023.1,0.08333333333333333
WP_000875246.1,0.08333333333333333
WP_000875487.1,0.08333333333333333
WP_000876002.1,0.08333333333333333
WP_000876292.1,0.08333333333333333
WP_000876770.1,0.08333333333333333
WP_000877099.1,0.08333333333333333
WP_000877161.1,0.08333333333333333
WP_000878140.1,0.08333333333333333
WP_000878903.1,0.08333333333333333
WP_000879194.1,0.08333333333333333
WP_000879314.1,0.08333333333333333
WP_000879706.1,0.08333333333333333
WP_000880182.1,0.08333333333333333
WP_000880923.1,0.08333333333333333
WP_000883037.1,0.08333333333333333
WP_000883120.1,0.08333333333333333
WP_000883400.1,0.08333333333333333
WP_000884361.1,0.08333333333333333
WP_000884589.1,0.08333333333333333
WP_000884642.1,0.08333333333333333
WP_000884708.1,0.08333333333333333
WP_000884972.1,0.08333333333333333
WP_000885016.1,0.08333333333333333
WP_000885203.1,0.08333333333333333
WP_000885454.1,0.08333333333333333
WP_000885629.1,0.08333333333333333
WP_000885806.1,0.08333333333333333
WP_000885860.1,0.08333333333333333
WP_000886053.1,0.08333333333333333
WP_000886683.1,0.08333333333333333
WP_000886884.1,0.08333333333333333
WP_000887453.1,0.08333333333333333
WP_000887629.1,0.08333333333333333
WP_000888654.1,0.08333333333333333
WP_000888740.1,0.08333333333333333
WP_000890002.1,0.08333333333333333
WP_000890958.1,0.08333333333333333
WP_000891353.1,0.08333333333333333
WP_000891404.1,0.08333333333333333
WP_000891515.1,0.08333333333333333
WP_000891564.1,0.08333333333333333
WP_000891621.1,0.08333333333333333
WP_000891683.1,0.08333333333333333
WP_000891843.1,0.08333333333333333
WP_000892044.1,0.08333333333333333
WP_000893282.1,0.08333333333333333
WP_000893613.1,0.08333333333333333
WP_000893994.1,0.08333333333333333
WP_000894166.1,0.08333333333333333
WP_000895624.1,0.08333333333333333
WP_000896498.1,0.08333333333333333
WP_000897378.1,0.08333333333333333
WP_000899007.1,0.08333333333333333
WP_000899526.1,0.08333333333333333
WP_000899600.1,0.08333333333333333
WP_000900990.1,0.08333333333333333
WP_000901098.1,0.08333333333333333
WP_000901365.1,0.08333333333333333
WP_000902001.1,0.08333333333333333
WP_000902780.1,0.08333333333333333
WP_000903148.1,0.08333333333333333
WP_000903376.1,0.08333333333333333
WP_000904141.1,0.08333333333333333
WP_000904166.1,0.08333333333333333
WP_000904442.1,0.08333333333333333
WP_000904502.1,0.08333333333333333
WP_000904979.1,0.08333333333333333
WP_000905372.1,0.08333333333333333
WP_000905780.1,0.08333333333333333
WP_000906203.1,0.08333333333333333
WP_000906298.1,0.08333333333333333
WP_000906325.1,0.08333333333333333
WP_000906486.1,0.08333333333333333
WP_000906744.1,0.08333333333333333
WP_000906806.1,0.08333333333333333
WP_000906970.1,0.08333333333333333
WP_000907085.1,0.08333333333333333
WP_000907234.1,0.08333333333333333
WP_000907387.1,0.08333333333333333
WP_000907623.1,0.08333333333333333
WP_000907770.1,0.08333333333333333
WP_000907999.1,0.08333333333333333
WP_000908554.1,0.08333333333333333
WP_000911112.1,0.08333333333333333
WP_000911140.1,0.08333333333333333
WP_000912298.1,0.08333333333333333
WP_000912351.1,0.08333333333333333
WP_000912588.1,0.08333333333333333
WP_000912716.1,0.08333333333333333
WP_000913396.1,0.08333333333333333
WP_000915695.1,0.08333333333333333
WP_000916078.1,0.08333333333333333
WP_000916267.1,0.08333333333333333
WP_000916763.1,0.08333333333333333
WP_000917117.1,0.08333333333333333
WP_000917208.1,0.08333333333333333
WP_000917750.1,0.08333333333333333
WP_000917763.1,0.08333333333333333
WP_000917883.1,0.08333333333333333
WP_000918073.1,0.08333333333333333
WP_000918155.1,0.08333333333333333
WP_000918269.1,0.08333333333333333
WP_000918366.1,0.08333333333333333
WP_000918514.1,0.08333333333333333
WP_000918827.1,0.08333333333333333
WP_000919165.1,0.08333333333333333
WP_000919231.1,0.08333333333333333
WP_000919493.1,0.08333333333333333
WP_000919571.1,0.08333333333333333
WP_000919792.1,0.08333333333333333
WP_000920064.1,0.08333333333333333
WP_000920132.1,0.08333333333333333
WP_000920320.1,0.08333333333333333
WP_000920491.1,0.08333333333333333
WP_000920762.1,0.08333333333333333
WP_000920789.1,0.08333333333333333
WP_000920840.1,0.08333333333333333
WP_000921624.1,0.08333333333333333
WP_000921791.1,0.08333333333333333
WP_000922446.1,0.08333333333333333
WP_000922604.1,0.08333333333333333
WP_000922639.1,0.08333333333333333
WP_000922685.1,0.08333333333333333
WP_000922872.1,0.08333333333333333
WP_000923722.1,0.08333333333333333
WP_000924289.1,0.08333333333333333
WP_000924601.1,0.08333333333333333
WP_000925795.1,0.08333333333333333
WP_000925977.1,0.08333333333333333
WP_000926441.1,0.08333333333333333
WP_000927068.1,0.08333333333333333
WP_000928722.1,0.08333333333333333
WP_000928824.1,0.08333333333333333
WP_000929450.1,0.08333333333333333
WP_000929717.1,0.08333333333333333
WP_000931343.1,0.08333333333333333
WP_000931399.1,0.08333333333333333
WP_000932342.1,0.08333333333333333
WP_000932839.1,0.08333333333333333
WP_000933060.1,0.08333333333333333
WP_000933736.1,0.08333333333333333
WP_000934041.1,0.08333333333333333
WP_000934137.1,0.08333333333333333
WP_000934216.1,0.08333333333333333
WP_000934302.1,0.08333333333333333
WP_000934822.1,0.08333333333333333
WP_000934920.1,0.08333333333333333
WP_000935036.1,0.08333333333333333
WP_000935219.1,0.08333333333333333
WP_000935347.1,0.08333333333333333
WP_000935420.1,0.08333333333333333
WP_000935548.1,0.08333333333333333
WP_000935759.1,0.08333333333333333
WP_000936028.1,0.08333333333333333
WP_000936361.1,0.08333333333333333
WP_000936635.1,0.08333333333333333
WP_000936917.1,0.08333333333333333
WP_000937887.1,0.08333333333333333
WP_000938103.1,0.08333333333333333
WP_000938118.1,0.08333333333333333
WP_000938855.1,0.08333333333333333
WP_000939222.1,0.08333333333333333
WP_000939317.1,0.08333333333333333
WP_000939394.1,0.08333333333333333
WP_000939738.1,0.08333333333333333
WP_000940018.1,0.08333333333333333
WP_000940104.1,0.08333333333333333
WP_000940121.1,0.08333333333333333
WP_000940319.1,0.08333333333333333
WP_000940500.1,0.08333333333333333
WP_000940595.1,0.08333333333333333
WP_000941052.1,0.08333333333333333
WP_000941212.1,0.08333333333333333
WP_000941537.1,0.08333333333333333
WP_000941942.1,0.08333333333333333
WP_000942326.1,0.08333333333333333
WP_000942344.1,0.08333333333333333
WP_000942543.1,0.08333333333333333
WP_000943459.1,0.08333333333333333
WP_000943570.1,0.08333333333333333
WP_000943960.1,0.08333333333333333
WP_000944101.1,0.08333333333333333
WP_000944243.1,0.08333333333333333
WP_000945010.1,0.08333333333333333
WP_000945390.1,0.08333333333333333
WP_000945580.1,0.08333333333333333
WP_000946911.1,0.08333333333333333
WP_000947083.1,0.08333333333333333
WP_000947159.1,0.08333333333333333
WP_000947230.1,0.08333333333333333
WP_000947251.1,0.08333333333333333
WP_000948454.1,0.08333333333333333
WP_000948724.1,0.08333333333333333
WP_000948824.1,0.08333333333333333
WP_000948872.1,0.08333333333333333
WP_000949265.1,0.08333333333333333
WP_000949511.1,0.08333333333333333
WP_000950320.1,0.08333333333333333
WP_000950813.1,0.08333333333333333
WP_000950979.1,0.08333333333333333
WP_000951026.1,0.08333333333333333
WP_000951164.1,0.08333333333333333
WP_000951221.1,0.08333333333333333
WP_000951313.1,0.08333333333333333
WP_000951705.1,0.08333333333333333
WP_000951872.1,0.08333333333333333
WP_000952127.1,0.08333333333333333
WP_000952470.1,0.08333333333333333
WP_000952736.1,0.08333333333333333
WP_000952959.1,0.08333333333333333
WP_000953022.1,0.08333333333333333
WP_000953255.1,0.08333333333333333
WP_000953272.1,0.08333333333333333
WP_000953278.1,0.08333333333333333
WP_000953364.1,0.08333333333333333
WP_000953457.1,0.08333333333333333
WP_000954203.1,0.08333333333333333
WP_000954872.1,0.08333333333333333
WP_000955028.1,0.08333333333333333
WP_000955063.1,0.08333333333333333
WP_000955897.1,0.08333333333333333
WP_000956071.1,0.08333333333333333
WP_000956328.1,0.08333333333333333
WP_000956458.1,0.08333333333333333
WP_000956465.1,0.08333333333333333
WP_000956513.1,0.08333333333333333
WP_000956642.1,0.08333333333333333
WP_000956852.1,0.08333333333333333
WP_000956885.1,0.08333333333333333
WP_000957248.1,0.08333333333333333
WP_000957426.1,0.08333333333333333
WP_000957914.1,0.08333333333333333
WP_000958380.1,0.08333333333333333
WP_000958416.1,0.08333333333333333
WP_000958487.1,0.08333333333333333
WP_000958598.1,0.08333333333333333
WP_000958700.1,0.08333333333333333
WP_000959109.1,0.08333333333333333
WP_000960724.1,0.08333333333333333
WP_000961458.1,0.08333333333333333
WP_000961959.1,0.08333333333333333
WP_000963143.1,0.08333333333333333
WP_000963555.1,0.08333333333333333
WP_000963819.1,0.08333333333333333
WP_000963837.1,0.08333333333333333
WP_000964079.1,0.08333333333333333
WP_000964134.1,0.08333333333333333
WP_000964215.1,0.08333333333333333
WP_000964501.1,0.08333333333333333
WP_000964730.1,0.08333333333333333
WP_000965511.1,0.08333333333333333
WP_000965672.1,0.08333333333333333
WP_000965712.1,0.08333333333333333
WP_000965903.1,0.08333333333333333
WP_000966443.1,0.08333333333333333
WP_000966485.1,0.08333333333333333
WP_000967271.1,0.08333333333333333
WP_000967595.1,0.08333333333333333
WP_000968210.1,0.08333333333333333
WP_000968317.1,0.08333333333333333
WP_000968919.1,0.08333333333333333
WP_000969012.1,0.08333333333333333
WP_000969092.1,0.08333333333333333
WP_000969397.1,0.08333333333333333
WP_000970087.1,0.08333333333333333
WP_000970311.1,0.08333333333333333
WP_000970479.1,0.08333333333333333
WP_000971093.1,0.08333333333333333
WP_000971336.1,0.08333333333333333
WP_000971730.1,0.08333333333333333
WP_000971883.1,0.08333333333333333
WP_000971918.1,0.08333333333333333
WP_000972203.1,0.08333333333333333
WP_000972256.1,0.08333333333333333
WP_000973071.1,0.08333333333333333
WP_000973176.1,0.08333333333333333
WP_000973389.1,0.08333333333333333
WP_000973448.1,0.08333333333333333
WP_000973673.1,0.08333333333333333
WP_000974434.1,0.08333333333333333
WP_000974564.1,0.08333333333333333
WP_000974813.1,0.08333333333333333
WP_000974966.1,0.08333333333333333
WP_000975020.1,0.08333333333333333
WP_000975100.1,0.08333333333333333
WP_000975743.1,0.08333333333333333
WP_000976070.1,0.08333333333333333
WP_000976483.1,0.08333333333333333
WP_000976839.1,0.08333333333333333
WP_000976853.1,0.08333333333333333
WP_000977136.1,0.08333333333333333
WP_000977757.1,0.08333333333333333
WP_000977914.1,0.08333333333333333
WP_000978094.1,0.08333333333333333
WP_000978495.1,0.08333333333333333
WP_000979516.1,0.08333333333333333
WP_000979608.1,0.08333333333333333
WP_000979661.1,0.08333333333333333
WP_000979870.1,0.08333333333333333
WP_000979955.1,0.08333333333333333
WP_000980160.1,0.08333333333333333
WP_000980540.1,0.08333333333333333
WP_000980687.1,0.08333333333333333
WP_000981061.1,0.08333333333333333
WP_000981977.1,0.08333333333333333
WP_000982173.1,0.08333333333333333
WP_000982453.1,0.08333333333333333
WP_000982774.1,0.08333333333333333
WP_000982994.1,0.08333333333333333
WP_000983255.1,0.08333333333333333
WP_000983407.1,0.08333333333333333
WP_000983602.1,0.08333333333333333
WP_000983653.1,0.08333333333333333
WP_000983857.1,0.08333333333333333
WP_000984517.1,0.08333333333333333
WP_000984523.1,0.08333333333333333
WP_000984796.1,0.08333333333333333
WP_000985157.1,0.08333333333333333
WP_000985273.1,0.08333333333333333
WP_000985336.1,0.08333333333333333
WP_000985501.1,0.08333333333333333
WP_000985542.1,0.08333333333333333
WP_000986037.1,0.08333333333333333
WP_000986334.1,0.08333333333333333
WP_000986592.1,0.08333333333333333
WP_000986609.1,0.08333333333333333
WP_000986788.1,0.08333333333333333
WP_000987091.1,0.08333333333333333
WP_000987273.1,0.08333333333333333
WP_000987525.1,0.08333333333333333
WP_000988308.1,0.08333333333333333
WP_000988383.1,0.08333333333333333
WP_000988600.1,0.08333333333333333
WP_000988700.1,0.08333333333333333
WP_000989419.1,0.08333333333333333
WP_000989824.1,0.08333333333333333
WP_000990173.1,0.08333333333333333
WP_000990297.1,0.08333333333333333
WP_000990779.1,0.08333333333333333
WP_000990847.1,0.08333333333333333
WP_000991370.1,0.08333333333333333
WP_000991809.1,0.08333333333333333
WP_000992009.1,0.08333333333333333
WP_000992086.1,0.08333333333333333
WP_000992126.1,0.08333333333333333
WP_000992137.1,0.08333333333333333
WP_000992148.1,0.08333333333333333
WP_000992818.1,0.08333333333333333
WP_000993447.1,0.08333333333333333
WP_000994327.1,0.08333333333333333
WP_000994443.1,0.08333333333333333
WP_000994905.1,0.08333333333333333
WP_000995025.1,0.08333333333333333
WP_000995395.1,0.08333333333333333
WP_000995439.1,0.08333333333333333
WP_000996007.1,0.08333333333333333
WP_000996092.1,0.08333333333333333
WP_000996692.1,0.08333333333333333
WP_000997018.1,0.08333333333333333
WP_000997403.1,0.08333333333333333
WP_000997795.1,0.08333333333333333
WP_000998048.1,0.08333333333333333
WP_000998081.1,0.08333333333333333
WP_000999630.1,0.08333333333333333
WP_000999944.1,0.08333333333333333
WP_001000127.1,0.08333333333333333
WP_001000130.1,0.08333333333333333
WP_001000379.1,0.08333333333333333
WP_001000950.1,0.08333333333333333
WP_001001073.1,0.08333333333333333
WP_001001189.1,0.08333333333333333
WP_001001697.1,0.08333333333333333
WP_001001761.1,0.08333333333333333
WP_001001917.1,0.08333333333333333
WP_001001996.1,0.08333333333333333
WP_001002036.1,0.08333333333333333
WP_001002544.1,0.08333333333333333
WP_001002833.1,0.08333333333333333
WP_001003065.1,0.08333333333333333
WP_001003118.1,0.08333333333333333
WP_001003709.1,0.08333333333333333
WP_001004020.1,0.08333333333333333
WP_001004187.1,0.08333333333333333
WP_001004881.1,0.08333333333333333
WP_001005037.1,0.08333333333333333
WP_001005448.1,0.08333333333333333
WP_001005582.1,0.08333333333333333
WP_001006862.1,0.08333333333333333
WP_001007138.1,0.08333333333333333
WP_001007426.1,0.08333333333333333
WP_001007730.1,0.08333333333333333
WP_001007753.1,0.08333333333333333
WP_001007901.1,0.08333333333333333
WP_001007905.1,0.08333333333333333
WP_001007911.1,0.08333333333333333
WP_001008054.1,0.08333333333333333
WP_001008537.1,0.08333333333333333
WP_001008791.1,0.08333333333333333
WP_001008963.1,0.08333333333333333
WP_001009127.1,0.08333333333333333
WP_001009882.1,0.08333333333333333
WP_001010156.1,0.08333333333333333
WP_001010688.1,0.08333333333333333
WP_001011000.1,0.08333333333333333
WP_001011474.1,0.08333333333333333
WP_001012623.1,0.08333333333333333
WP_001012899.1,0.08333333333333333
WP_001013510.1,0.08333333333333333
WP_001013779.1,0.08333333333333333
WP_001014296.1,0.08333333333333333
WP_001015033.1,0.08333333333333333
WP_001015099.1,0.08333333333333333
WP_001016346.1,0.08333333333333333
WP_001016522.1,0.08333333333333333
WP_001016612.1,0.08333333333333333
WP_001016661.1,0.08333333333333333
WP_001017965.1,0.08333333333333333
WP_001018040.1,0.08333333333333333
WP_001018194.1,0.08333333333333333
WP_001018419.1,0.08333333333333333
WP_001018503.1,0.08333333333333333
WP_001018618.1,0.08333333333333333
WP_001018694.1,0.08333333333333333
WP_001019475.1,0.08333333333333333
WP_001019530.1,0.08333333333333333
WP_001019882.1,0.08333333333333333
WP_001019920.1,0.08333333333333333
WP_001020355.1,0.08333333333333333
WP_001020660.1,0.08333333333333333
WP_001020954.1,0.08333333333333333
WP_001021161.1,0.08333333333333333
WP_001021389.1,0.08333333333333333
WP_001021996.1,0.08333333333333333
WP_001023104.1,0.08333333333333333
WP_001023352.1,0.08333333333333333
WP_001023362.1,0.08333333333333333
WP_001023407.1,0.08333333333333333
WP_001023431.1,0.08333333333333333
WP_001023474.1,0.08333333333333333
WP_001023915.1,0.08333333333333333
WP_001023992.1,0.08333333333333333
WP_001024006.1,0.08333333333333333
WP_001024022.1,0.08333333333333333
WP_001024796.1,0.08333333333333333
WP_001024876.1,0.08333333333333333
WP_001024949.1,0.08333333333333333
WP_001025202.1,0.08333333333333333
WP_001025318.1,0.08333333333333333
WP_001025381.1,0.08333333333333333
WP_001025672.1,0.08333333333333333
WP_001025939.1,0.08333333333333333
WP_001026276.1,0.08333333333333333
WP_001026418.1,0.08333333333333333
WP_001026752.1,0.08333333333333333
WP_001026882.1,0.08333333333333333
WP_001027223.1,0.08333333333333333
WP_001027365.1,0.08333333333333333
WP_001027495.1,0.08333333333333333
WP_001027854.1,0.08333333333333333
WP_001027967.1,0.08333333333333333
WP_001028088.1,0.08333333333333333
WP_001028315.1,0.08333333333333333
WP_001028610.1,0.08333333333333333
WP_001028854.1,0.08333333333333333
WP_001028905.1,0.08333333333333333
WP_001029013.1,0.08333333333333333
WP_001029684.1,0.08333333333333333
WP_001029698.1,0.08333333333333333
WP_001030060.1,0.08333333333333333
WP_001030063.1,0.08333333333333333
WP_001030347.1,0.08333333333333333
WP_001030593.1,0.08333333333333333
WP_001030923.1,0.08333333333333333
WP_001031057.1,0.08333333333333333
WP_001031427.1,0.08333333333333333
WP_001031530.1,0.08333333333333333
WP_001031834.1,0.08333333333333333
WP_001032707.1,0.08333333333333333
WP_001032947.1,0.08333333333333333
WP_001033191.1,0.08333333333333333
WP_001033352.1,0.08333333333333333
WP_001033699.1,0.08333333333333333
WP_001033722.1,0.08333333333333333
WP_001033899.1,0.08333333333333333
WP_001034100.1,0.08333333333333333
WP_001034905.1,0.08333333333333333
WP_001035166.1,0.08333333333333333
WP_001035683.1,0.08333333333333333
WP_001036471.1,0.08333333333333333
WP_001036981.1,0.08333333333333333
WP_001037406.1,0.08333333333333333
WP_001037814.1,0.08333333333333333
WP_001038071.1,0.08333333333333333
WP_001039044.1,0.08333333333333333
WP_001040060.1,0.08333333333333333
WP_001040187.1,0.08333333333333333
WP_001040205.1,0.08333333333333333
WP_001040450.1,0.08333333333333333
WP_001040684.1,0.08333333333333333
WP_001041009.1,0.08333333333333333
WP_001041788.1,0.08333333333333333
WP_001042018.1,0.08333333333333333
WP_001042108.1,0.08333333333333333
WP_001043147.1,0.08333333333333333
WP_001043344.1,0.08333333333333333
WP_001043606.1,0.08333333333333333
WP_001043834.1,0.08333333333333333
WP_001043882.1,0.08333333333333333
WP_001044286.1,0.08333333333333333
WP_001044513.1,0.08333333333333333
WP_001044880.1,0.08333333333333333
WP_001045434.1,0.08333333333333333
WP_001045520.1,0.08333333333333333
WP_001045681.1,0.08333333333333333
WP_001046339.1,0.08333333333333333
WP_001046461.1,0.08333333333333333
WP_001046791.1,0.08333333333333333
WP_001046821.1,0.08333333333333333
WP_001047341.1,0.08333333333333333
WP_001048602.1,0.08333333333333333
WP_001049791.1,0.08333333333333333
WP_001050683.1,0.08333333333333333
WP_001050972.1,0.08333333333333333
WP_001050992.1,0.08333333333333333
WP_001051798.1,0.08333333333333333
WP_001051883.1,0.08333333333333333
WP_001052137.1,0.08333333333333333
WP_001052159.1,0.08333333333333333
WP_001052219.1,0.08333333333333333
WP_001052715.1,0.08333333333333333
WP_001053040.1,0.08333333333333333
WP_001053178.1,0.08333333333333333
WP_001053840.1,0.08333333333333333
WP_001054199.1,0.08333333333333333
WP_001054420.1,0.08333333333333333
WP_001054527.1,0.08333333333333333
WP_001054675.1,0.08333333333333333
WP_001054754.1,0.08333333333333333
WP_001054789.1,0.08333333333333333
WP_001055622.1,0.08333333333333333
WP_001055728.1,0.08333333333333333
WP_001055750.1,0.08333333333333333
WP_001055778.1,0.08333333333333333
WP_001055874.1,0.08333333333333333
WP_001056273.1,0.08333333333333333
WP_001056384.1,0.08333333333333333
WP_001056491.1,0.08333333333333333
WP_001056618.1,0.08333333333333333
WP_001056694.1,0.08333333333333333
WP_001056806.1,0.08333333333333333
WP_001056834.1,0.08333333333333333
WP_001057453.1,0.08333333333333333
WP_001058227.1,0.08333333333333333
WP_001058827.1,0.08333333333333333
WP_001059136.1,0.08333333333333333
WP_001059175.1,0.08333333333333333
WP_001059369.1,0.08333333333333333
WP_001059381.1,0.08333333333333333
WP_001059397.1,0.08333333333333333
WP_001059871.1,0.08333333333333333
WP_001059937.1,0.08333333333333333
WP_001060090.1,0.08333333333333333
WP_001060244.1,0.08333333333333333
WP_001061095.1,0.08333333333333333
WP_001061578.1,0.08333333333333333
WP_001061662.1,0.08333333333333333
WP_001061917.1,0.08333333333333333
WP_001062128.1,0.08333333333333333
WP_001062678.1,0.08333333333333333
WP_001062956.1,0.08333333333333333
WP_001063025.1,0.08333333333333333
WP_001063094.1,0.08333333333333333
WP_001063095.1,0.08333333333333333
WP_001063176.1,0.08333333333333333
WP_001063316.1,0.08333333333333333
WP_001063681.1,0.08333333333333333
WP_001064053.1,0.08333333333333333
WP_001065014.1,0.08333333333333333
WP_001065380.1,0.08333333333333333
WP_001065516.1,0.08333333333333333
WP_001065705.1,0.08333333333333333
WP_001065895.1,0.08333333333333333
WP_001066022.1,0.08333333333333333
WP_001066169.1,0.08333333333333333
WP_001066403.1,0.08333333333333333
WP_001066920.1,0.08333333333333333
WP_001068343.1,0.08333333333333333
WP_001068682.1,0.08333333333333333
WP_001069342.1,0.08333333333333333
WP_001069467.1,0.08333333333333333
WP_001069769.1,0.08333333333333333
WP_001069991.1,0.08333333333333333
WP_001070177.1,0.08333333333333333
WP_001070230.1,0.08333333333333333
WP_001070358.1,0.08333333333333333
WP_001070446.1,0.08333333333333333
WP_001070590.1,0.08333333333333333
WP_001071227.1,0.08333333333333333
WP_001071599.1,0.08333333333333333
WP_001071648.1,0.08333333333333333
WP_001072342.1,0.08333333333333333
WP_001072975.1,0.08333333333333333
WP_001075170.1,0.08333333333333333
WP_001075518.1,0.08333333333333333
WP_001075665.1,0.08333333333333333
WP_001075838.1,0.08333333333333333
WP_001076003.1,0.08333333333333333
WP_001076194.1,0.08333333333333333
WP_001076513.1,0.08333333333333333
WP_001076742.1,0.08333333333333333
WP_001076997.1,0.08333333333333333
WP_001077356.1,0.08333333333333333
WP_001077625.1,0.08333333333333333
WP_001078131.1,0.08333333333333333
WP_001078379.1,0.08333333333333333
WP_001078777.1,0.08333333333333333
WP_001078836.1,0.08333333333333333
WP_001079078.1,0.08333333333333333
WP_001079181.1,0.08333333333333333
WP_001079422.1,0.08333333333333333
WP_001079482.1,0.08333333333333333
WP_001079499.1,0.08333333333333333
WP_001080102.1,0.08333333333333333
WP_001080153.1,0.08333333333333333
WP_001080786.1,0.08333333333333333
WP_001081870.1,0.08333333333333333
WP_001082219.1,0.08333333333333333
WP_001082608.1,0.08333333333333333
WP_001082609.1,0.08333333333333333
WP_001082637.1,0.08333333333333333
WP_001082682.1,0.08333333333333333
WP_001082691.1,0.08333333333333333
WP_001082875.1,0.08333333333333333
WP_001084082.1,0.08333333333333333
WP_001085926.1,0.08333333333333333
WP_001086069.1,0.08333333333333333
WP_001086136.1,0.08333333333333333
WP_001086384.1,0.08333333333333333
WP_001086511.1,0.08333333333333333
WP_001087120.1,0.08333333333333333
WP_001087250.1,0.08333333333333333
WP_001087467.1,0.08333333333333333
WP_001087743.1,0.08333333333333333
WP_001088410.1,0.08333333333333333
WP_001088621.1,0.08333333333333333
WP_001089225.1,0.08333333333333333
WP_001089295.1,0.08333333333333333
WP_001089435.1,0.08333333333333333
WP_001089939.1,0.08333333333333333
WP_001089974.1,0.08333333333333333
WP_001089999.1,0.08333333333333333
WP_001090031.1,0.08333333333333333
WP_001090200.1,0.08333333333333333
WP_001090366.1,0.08333333333333333
WP_001090506.1,0.08333333333333333
WP_001090750.1,0.08333333333333333
WP_001090860.1,0.08333333333333333
WP_001091483.1,0.08333333333333333
WP_001091577.1,0.08333333333333333
WP_001091926.1,0.08333333333333333
WP_001092000.1,0.08333333333333333
WP_001092082.1,0.08333333333333333
WP_001092153.1,0.08333333333333333
WP_001092461.1,0.08333333333333333
WP_001092494.1,0.08333333333333333
WP_001094279.1,0.08333333333333333
WP_001094581.1,0.08333333333333333
WP_001094831.1,0.08333333333333333
WP_001096048.1,0.08333333333333333
WP_001096200.1,0.08333333333333333
WP_001096684.1,0.08333333333333333
WP_001096706.1,0.08333333333333333
WP_001096881.1,0.08333333333333333
WP_001096948.1,0.08333333333333333
WP_001097050.1,0.08333333333333333
WP_001097065.1,0.08333333333333333
WP_001097228.1,0.08333333333333333
WP_001097238.1,0.08333333333333333
WP_001097274.1,0.08333333333333333
WP_001097464.1,0.08333333333333333
WP_001098307.1,0.08333333333333333
WP_001098384.1,0.08333333333333333
WP_001098571.1,0.08333333333333333
WP_001098662.1,0.08333333333333333
WP_001098726.1,0.08333333333333333
WP_001098809.1,0.08333333333333333
WP_001099102.1,0.08333333333333333
WP_001099695.1,0.08333333333333333
WP_001100467.1,0.08333333333333333
WP_001100703.1,0.08333333333333333
WP_001102115.1,0.08333333333333333
WP_001102329.1,0.08333333333333333
WP_001102370.1,0.08333333333333333
WP_001102876.1,0.08333333333333333
WP_001103595.1,0.08333333333333333
WP_001104869.1,0.08333333333333333
WP_001105393.1,0.08333333333333333
WP_001105473.1,0.08333333333333333
WP_001106233.1,0.08333333333333333
WP_001107125.1,0.08333333333333333
WP_001107167.1,0.08333333333333333
WP_001107466.1,0.08333333333333333
WP_001107568.1,0.08333333333333333
WP_001107648.1,0.08333333333333333
WP_001107818.1,0.08333333333333333
WP_001107955.1,0.08333333333333333
WP_001107983.1,0.08333333333333333
WP_001108055.1,0.08333333333333333
WP_001108081.1,0.08333333333333333
WP_001109196.1,0.08333333333333333
WP_001109453.1,0.08333333333333333
WP_001110573.1,0.08333333333333333
WP_001111027.1,0.08333333333333333
WP_001111995.1,0.08333333333333333
WP_001112296.1,0.08333333333333333
WP_001112579.1,0.08333333333333333
WP_001112845.1,0.08333333333333333
WP_001113348.1,0.08333333333333333
WP_001113432.1,0.08333333333333333
WP_001113707.1,0.08333333333333333
WP_001114031.1,0.08333333333333333
WP_001114533.1,0.08333333333333333
WP_001114858.1,0.08333333333333333
WP_001116005.1,0.08333333333333333
WP_001116570.1,0.08333333333333333
WP_001117011.1,0.08333333333333333
WP_001117844.1,0.08333333333333333
WP_001118031.1,0.08333333333333333
WP_001118159.1,0.08333333333333333
WP_001118294.1,0.08333333333333333
WP_001118464.1,0.08333333333333333
WP_001118861.1,0.08333333333333333
WP_001118930.1,0.08333333333333333
WP_001119481.1,0.08333333333333333
WP_001120119.1,0.08333333333333333
WP_001120141.1,0.08333333333333333
WP_001120445.1,0.08333333333333333
WP_001120551.1,0.08333333333333333
WP_001120698.1,0.08333333333333333
WP_001120794.1,0.08333333333333333
WP_001120807.1,0.08333333333333333
WP_001121225.1,0.08333333333333333
WP_001121363.1,0.08333333333333333
WP_001121626.1,0.08333333333333333
WP_001122477.1,0.08333333333333333
WP_001122786.1,0.08333333333333333
WP_001124225.1,0.08333333333333333
WP_001124469.1,0.08333333333333333
WP_001124894.1,0.08333333333333333
WP_001124935.1,0.08333333333333333
WP_001125199.1,0.08333333333333333
WP_001125331.1,0.08333333333333333
WP_001126371.1,0.08333333333333333
WP_001126784.1,0.08333333333333333
WP_001127211.1,0.08333333333333333
WP_001127409.1,0.08333333333333333
WP_001128225.1,0.08333333333333333
WP_001128858.1,0.08333333333333333
WP_001129518.1,0.08333333333333333
WP_001129722.1,0.08333333333333333
WP_001129925.1,0.08333333333333333
WP_001130215.1,0.08333333333333333
WP_001130278.1,0.08333333333333333
WP_001130487.1,0.08333333333333333
WP_001130633.1,0.08333333333333333
WP_001130692.1,0.08333333333333333
WP_001131063.1,0.08333333333333333
WP_001131164.1,0.08333333333333333
WP_001131252.1,0.08333333333333333
WP_001131335.1,0.08333333333333333
WP_001131658.1,0.08333333333333333
WP_001131659.1,0.08333333333333333
WP_001131758.1,0.08333333333333333
WP_001131788.1,0.08333333333333333
WP_001132080.1,0.08333333333333333
WP_001132157.1,0.08333333333333333
WP_001132452.1,0.08333333333333333
WP_001132955.1,0.08333333333333333
WP_001133037.1,0.08333333333333333
WP_001135075.1,0.08333333333333333
WP_001135168.1,0.08333333333333333
WP_001135574.1,0.08333333333333333
WP_001135667.1,0.08333333333333333
WP_001135715.1,0.08333333333333333
WP_001135738.1,0.08333333333333333
WP_001136210.1,0.08333333333333333
WP_001136321.1,0.08333333333333333
WP_001136459.1,0.08333333333333333
WP_001136533.1,0.08333333333333333
WP_001136597.1,0.08333333333333333
WP_001136827.1,0.08333333333333333
WP_001136983.1,0.08333333333333333
WP_001137245.1,0.08333333333333333
WP_001137345.1,0.08333333333333333
WP_001137692.1,0.08333333333333333
WP_001138043.1,0.08333333333333333
WP_001138117.1,0.08333333333333333
WP_001138211.1,0.08333333333333333
WP_001138581.1,0.08333333333333333
WP_001138626.1,0.08333333333333333
WP_001138904.1,0.08333333333333333
WP_001139282.1,0.08333333333333333
WP_001139613.1,0.08333333333333333
WP_001139679.1,0.08333333333333333
WP_001140187.1,0.08333333333333333
WP_001140251.1,0.08333333333333333
WP_001140433.1,0.08333333333333333
WP_001140442.1,0.08333333333333333
WP_001140649.1,0.08333333333333333
WP_001141110.1,0.08333333333333333
WP_001141271.1,0.08333333333333333
WP_001141350.1,0.08333333333333333
WP_001142439.1,0.08333333333333333
WP_001142445.1,0.08333333333333333
WP_001142590.1,0.08333333333333333
WP_001142958.1,0.08333333333333333
WP_001142971.1,0.08333333333333333
WP_001143002.1,0.08333333333333333
WP_001143120.1,0.08333333333333333
WP_001143558.1,0.08333333333333333
WP_001143784.1,0.08333333333333333
WP_001143808.1,0.08333333333333333
WP_001143832.1,0.08333333333333333
WP_001144069.1,0.08333333333333333
WP_001144077.1,0.08333333333333333
WP_001144201.1,0.08333333333333333
WP_001144311.1,0.08333333333333333
WP_001144877.1,0.08333333333333333
WP_001145177.1,0.08333333333333333
WP_001145827.1,0.08333333333333333
WP_001145903.1,0.08333333333333333
WP_001146170.1,0.08333333333333333
WP_001146326.1,0.08333333333333333
WP_001146444.1,0.08333333333333333
WP_001146509.1,0.08333333333333333
WP_001147284.1,0.08333333333333333
WP_001147332.1,0.08333333333333333
WP_001147439.1,0.08333333333333333
WP_001148001.1,0.08333333333333333
WP_001148407.1,0.08333333333333333
WP_001148478.1,0.08333333333333333
WP_001148908.1,0.08333333333333333
WP_001149004.1,0.08333333333333333
WP_001149589.1,0.08333333333333333
WP_001149719.1,0.08333333333333333
WP_001150441.1,0.08333333333333333
WP_001151078.1,0.08333333333333333
WP_001151105.1,0.08333333333333333
WP_001151233.1,0.08333333333333333
WP_001151604.1,0.08333333333333333
WP_001152159.1,0.08333333333333333
WP_001152360.1,0.08333333333333333
WP_001152612.1,0.08333333333333333
WP_001153121.1,0.08333333333333333
WP_001153566.1,0.08333333333333333
WP_001153615.1,0.08333333333333333
WP_001154193.1,0.08333333333333333
WP_001154288.1,0.08333333333333333
WP_001155227.1,0.08333333333333333
WP_001156181.1,0.08333333333333333
WP_001156434.1,0.08333333333333333
WP_001157239.1,0.08333333333333333
WP_001157407.1,0.08333333333333333
WP_001157535.1,0.08333333333333333
WP_001157751.1,0.08333333333333333
WP_001157987.1,0.08333333333333333
WP_001158034.1,0.08333333333333333
WP_001158226.1,0.08333333333333333
WP_001158929.1,0.08333333333333333
WP_001159065.1,0.08333333333333333
WP_001159114.1,0.08333333333333333
WP_001159868.1,0.08333333333333333
WP_001160110.1,0.08333333333333333
WP_001160187.1,0.08333333333333333
WP_001160654.1,0.08333333333333333
WP_001160737.1,0.08333333333333333
WP_001160813.1,0.08333333333333333
WP_001161009.1,0.08333333333333333
WP_001161553.1,0.08333333333333333
WP_001161664.1,0.08333333333333333
WP_001162094.1,0.08333333333333333
WP_001162171.1,0.08333333333333333
WP_001163137.1,0.08333333333333333
WP_001163885.1,0.08333333333333333
WP_001164582.1,0.08333333333333333
WP_001166037.1,0.08333333333333333
WP_001166090.1,0.08333333333333333
WP_001166238.1,0.08333333333333333
WP_001166383.1,0.08333333333333333
WP_001166395.1,0.08333333333333333
WP_001166761.1,0.08333333333333333
WP_001167434.1,0.08333333333333333
WP_001167549.1,0.08333333333333333
WP_001167672.1,0.08333333333333333
WP_001168032.1,0.08333333333333333
WP_001168451.1,0.08333333333333333
WP_001168544.1,0.08333333333333333
WP_001169151.1,0.08333333333333333
WP_001169669.1,0.08333333333333333
WP_001169686.1,0.08333333333333333
WP_001170162.1,0.08333333333333333
WP_001170658.1,0.08333333333333333
WP_001170812.1,0.08333333333333333
WP_001171554.1,0.08333333333333333
WP_001171866.1,0.08333333333333333
WP_001171903.1,0.08333333333333333
WP_001171930.1,0.08333333333333333
WP_001172748.1,0.08333333333333333
WP_001173152.1,0.08333333333333333
WP_001173343.1,0.08333333333333333
WP_001173673.1,0.08333333333333333
WP_001174066.1,0.08333333333333333
WP_001174481.1,0.08333333333333333
WP_001174762.1,0.08333333333333333
WP_001174945.1,0.08333333333333333
WP_001175615.1,0.08333333333333333
WP_001175728.1,0.08333333333333333
WP_001176295.1,0.08333333333333333
WP_001176599.1,0.08333333333333333
WP_001176745.1,0.08333333333333333
WP_001176766.1,0.08333333333333333
WP_001177039.1,0.08333333333333333
WP_001177084.1,0.08333333333333333
WP_001177464.1,0.08333333333333333
WP_001177639.1,0.08333333333333333
WP_001178089.1,0.08333333333333333
WP_001179478.1,0.08333333333333333
WP_001179481.1,0.08333333333333333
WP_001179721.1,0.08333333333333333
WP_001180089.1,0.08333333333333333
WP_001180318.1,0.08333333333333333
WP_001180487.1,0.08333333333333333
WP_001181004.1,0.08333333333333333
WP_001181321.1,0.08333333333333333
WP_001181473.1,0.08333333333333333
WP_001181706.1,0.08333333333333333
WP_001182346.1,0.08333333333333333
WP_001182418.1,0.08333333333333333
WP_001182646.1,0.08333333333333333
WP_001182957.1,0.08333333333333333
WP_001183177.1,0.08333333333333333
WP_001184045.1,0.08333333333333333
WP_001185340.1,0.08333333333333333
WP_001185665.1,0.08333333333333333
WP_001185748.1,0.08333333333333333
WP_001186359.1,0.08333333333333333
WP_001186424.1,0.08333333333333333
WP_001186649.1,0.08333333333333333
WP_001186738.1,0.08333333333333333
WP_001187177.1,0.08333333333333333
WP_001187564.1,0.08333333333333333
WP_001187796.1,0.08333333333333333
WP_001188343.1,0.08333333333333333
WP_001188520.1,0.08333333333333333
WP_001188676.1,0.08333333333333333
WP_001188777.1,0.08333333333333333
WP_001188905.1,0.08333333333333333
WP_001189321.1,0.08333333333333333
WP_001189614.1,0.08333333333333333
WP_001190062.1,0.08333333333333333
WP_001191021.1,0.08333333333333333
WP_001191074.1,0.08333333333333333
WP_001191386.1,0.08333333333333333
WP_001192179.1,0.08333333333333333
WP_001192332.1,0.08333333333333333
WP_001192396.1,0.08333333333333333
WP_001192814.1,0.08333333333333333
WP_001192976.1,0.08333333333333333
WP_001193352.1,0.08333333333333333
WP_001193437.1,0.08333333333333333
WP_001193830.1,0.08333333333333333
WP_001194358.1,0.08333333333333333
WP_001194525.1,0.08333333333333333
WP_001194604.1,0.08333333333333333
WP_001194728.1,0.08333333333333333
WP_001194917.1,0.08333333333333333
WP_001195025.1,0.08333333333333333
WP_001195169.1,0.08333333333333333
WP_001195231.1,0.08333333333333333
WP_001195421.1,0.08333333333333333
WP_001195634.1,0.08333333333333333
WP_001195817.1,0.08333333333333333
WP_001195864.1,0.08333333333333333
WP_001196062.1,0.08333333333333333
WP_001196238.1,0.08333333333333333
WP_001196285.1,0.08333333333333333
WP_001196460.1,0.08333333333333333
WP_001196486.1,0.08333333333333333
WP_001196532.1,0.08333333333333333
WP_001196613.1,0.08333333333333333
WP_001197016.1,0.08333333333333333
WP_001197646.1,0.08333333333333333
WP_001197863.1,0.08333333333333333
WP_001198386.1,0.08333333333333333
WP_001198807.1,0.08333333333333333
WP_001198861.1,0.08333333333333333
WP_001198863.1,0.08333333333333333
WP_001198930.1,0.08333333333333333
WP_001199176.1,0.08333333333333333
WP_001199292.1,0.08333333333333333
WP_001199352.1,0.08333333333333333
WP_001199836.1,0.08333333333333333
WP_001199973.1,0.08333333333333333
WP_001200455.1,0.08333333333333333
WP_001200573.1,0.08333333333333333
WP_001200779.1,0.08333333333333333
WP_001201576.1,0.08333333333333333
WP_001201843.1,0.08333333333333333
WP_001202226.1,0.08333333333333333
WP_001202328.1,0.08333333333333333
WP_001202488.1,0.08333333333333333
WP_001203399.1,0.08333333333333333
WP_001203437.1,0.08333333333333333
WP_001204849.1,0.08333333333333333
WP_001204880.1,0.08333333333333333
WP_001204920.1,0.08333333333333333
WP_001205329.1,0.08333333333333333
WP_001205823.1,0.08333333333333333
WP_001207201.1,0.08333333333333333
WP_001207282.1,0.08333333333333333
WP_001207527.1,0.08333333333333333
WP_001207638.1,0.08333333333333333
WP_001207925.1,0.08333333333333333
WP_001208146.1,0.08333333333333333
WP_001208773.1,0.08333333333333333
WP_001209704.1,0.08333333333333333
WP_001209721.1,0.08333333333333333
WP_001209780.1,0.08333333333333333
WP_001209872.1,0.08333333333333333
WP_001211007.1,0.08333333333333333
WP_001211579.1,0.08333333333333333
WP_001211936.1,0.08333333333333333
WP_001212226.1,0.08333333333333333
WP_001212391.1,0.08333333333333333
WP_001212627.1,0.08333333333333333
WP_001212790.1,0.08333333333333333
WP_001212968.1,0.08333333333333333
WP_001213041.1,0.08333333333333333
WP_001213059.1,0.08333333333333333
WP_001213545.1,0.08333333333333333
WP_001213567.1,0.08333333333333333
WP_001213834.1,0.08333333333333333
WP_001214277.1,0.08333333333333333
WP_001215309.1,0.08333333333333333
WP_001215861.1,0.08333333333333333
WP_001216325.1,0.08333333333333333
WP_001216368.1,0.08333333333333333
WP_001216477.1,0.08333333333333333
WP_001216525.1,0.08333333333333333
WP_001216676.1,0.08333333333333333
WP_001216963.1,0.08333333333333333
WP_001217059.1,0.08333333333333333
WP_001217330.1,0.08333333333333333
WP_001217410.1,0.08333333333333333
WP_001217436.1,0.08333333333333333
WP_001217444.1,0.08333333333333333
WP_001217455.1,0.08333333333333333
WP_001217542.1,0.08333333333333333
WP_001217754.1,0.08333333333333333
WP_001218659.1,0.08333333333333333
WP_001218882.1,0.08333333333333333
WP_001219063.1,0.08333333333333333
WP_001219160.1,0.08333333333333333
WP_001219242.1,0.08333333333333333
WP_001219315.1,0.08333333333333333
WP_001219350.1,0.08333333333333333
WP_001219596.1,0.08333333333333333
WP_001219652.1,0.08333333333333333
WP_001219792.1,0.08333333333333333
WP_001219879.1,0.08333333333333333
WP_001219951.1,0.08333333333333333
WP_001220233.1,0.08333333333333333
WP_001220314.1,0.08333333333333333
WP_001220997.1,0.08333333333333333
WP_001221211.1,0.08333333333333333
WP_001221319.1,0.08333333333333333
WP_001221502.1,0.08333333333333333
WP_001221953.1,0.08333333333333333
WP_001222509.1,0.08333333333333333
WP_001222737.1,0.08333333333333333
WP_001222888.1,0.08333333333333333
WP_001223147.1,0.08333333333333333
WP_001223210.1,0.08333333333333333
WP_001223227.1,0.08333333333333333
WP_001223350.1,0.08333333333333333
WP_001223800.1,0.08333333333333333
WP_001223948.1,0.08333333333333333
WP_001224578.1,0.08333333333333333
WP_001225281.1,0.08333333333333333
WP_001225679.1,0.08333333333333333
WP_001225855.1,0.08333333333333333
WP_001226188.1,0.08333333333333333
WP_001226373.1,0.08333333333333333
WP_001226465.1,0.08333333333333333
WP_001226476.1,0.08333333333333333
WP_001226597.1,0.08333333333333333
WP_001226923.1,0.08333333333333333
WP_001228289.1,0.08333333333333333
WP_001228304.1,0.08333333333333333
WP_001228981.1,0.08333333333333333
WP_001229265.1,0.08333333333333333
WP_001229446.1,0.08333333333333333
WP_001230096.1,0.08333333333333333
WP_001230236.1,0.08333333333333333
WP_001230340.1,0.08333333333333333
WP_001230444.1,0.08333333333333333
WP_001230508.1,0.08333333333333333
WP_001230550.1,0.08333333333333333
WP_001230983.1,0.08333333333333333
WP_001231211.1,0.08333333333333333
WP_001231402.1,0.08333333333333333
WP_001231525.1,0.08333333333333333
WP_001232245.1,0.08333333333333333
WP_001232412.1,0.08333333333333333
WP_001232889.1,0.08333333333333333
WP_001233141.1,0.08333333333333333
WP_001233853.1,0.08333333333333333
WP_001233978.1,0.08333333333333333
WP_001234048.1,0.08333333333333333
WP_001234258.1,0.08333333333333333
WP_001234271.1,0.08333333333333333
WP_001234301.1,0.08333333333333333
WP_001234682.1,0.08333333333333333
WP_001234777.1,0.08333333333333333
WP_001234850.1,0.08333333333333333
WP_001235102.1,0.08333333333333333
WP_001235263.1,0.08333333333333333
WP_001235472.1,0.08333333333333333
WP_001235611.1,0.08333333333333333
WP_001235841.1,0.08333333333333333
WP_001236044.1,0.08333333333333333
WP_001236835.1,0.08333333333333333
WP_001237072.1,0.08333333333333333
WP_001237205.1,0.08333333333333333
WP_001237796.1,0.08333333333333333
WP_001237873.1,0.08333333333333333
WP_001238202.1,0.08333333333333333
WP_001238378.1,0.08333333333333333
WP_001238869.1,0.08333333333333333
WP_001238917.1,0.08333333333333333
WP_001239143.1,0.08333333333333333
WP_001239429.1,0.08333333333333333
WP_001239650.1,0.08333333333333333
WP_001240083.1,0.08333333333333333
WP_001240336.1,0.08333333333333333
WP_001240601.1,0.08333333333333333
WP_001240712.1,0.08333333333333333
WP_001240896.1,0.08333333333333333
WP_001241357.1,0.08333333333333333
WP_001241410.1,0.08333333333333333
WP_001241561.1,0.08333333333333333
WP_001241680.1,0.08333333333333333
WP_001241888.1,0.08333333333333333
WP_001243431.1,0.08333333333333333
WP_001243437.1,0.08333333333333333
WP_001244347.1,0.08333333333333333
WP_001244581.1,0.08333333333333333
WP_001244742.1,0.08333333333333333
WP_001244826.1,0.08333333333333333
WP_001244976.1,0.08333333333333333
WP_001245295.1,0.08333333333333333
WP_001245723.1,0.08333333333333333
WP_001246103.1,0.08333333333333333
WP_001247093.1,0.08333333333333333
WP_001248690.1,0.08333333333333333
WP_001248768.1,0.08333333333333333
WP_001249123.1,0.08333333333333333
WP_001250105.1,0.08333333333333333
WP_001250195.1,0.08333333333333333
WP_001250658.1,0.08333333333333333
WP_001251320.1,0.08333333333333333
WP_001251367.1,0.08333333333333333
WP_001251535.1,0.08333333333333333
WP_001251634.1,0.08333333333333333
WP_001251961.1,0.08333333333333333
WP_001251991.1,0.08333333333333333
WP_001252058.1,0.08333333333333333
WP_001252349.1,0.08333333333333333
WP_001253418.1,0.08333333333333333
WP_001253441.1,0.08333333333333333
WP_001253587.1,0.08333333333333333
WP_001253697.1,0.08333333333333333
WP_001254002.1,0.08333333333333333
WP_001254218.1,0.08333333333333333
WP_001254255.1,0.08333333333333333
WP_001255114.1,0.08333333333333333
WP_001255150.1,0.08333333333333333
WP_001255621.1,0.08333333333333333
WP_001256201.1,0.08333333333333333
WP_001256538.1,0.08333333333333333
WP_001256997.1,0.08333333333333333
WP_001257044.1,0.08333333333333333
WP_001257846.1,0.08333333333333333
WP_001258683.1,0.08333333333333333
WP_001258927.1,0.08333333333333333
WP_001259386.1,0.08333333333333333
WP_001259575.1,0.08333333333333333
WP_001259700.1,0.08333333333333333
WP_001259814.1,0.08333333333333333
WP_001260332.1,0.08333333333333333
WP_001260384.1,0.08333333333333333
WP_001260720.1,0.08333333333333333
WP_001260835.1,0.08333333333333333
WP_001261013.1,0.08333333333333333
WP_001261097.1,0.08333333333333333
WP_001261230.1,0.08333333333333333
WP_001261752.1,0.08333333333333333
WP_001261937.1,0.08333333333333333
WP_001262123.1,0.08333333333333333
WP_001262182.1,0.08333333333333333
WP_001262323.1,0.08333333333333333
WP_001262402.1,0.08333333333333333
WP_001262409.1,0.08333333333333333
WP_001262720.1,0.08333333333333333
WP_001263111.1,0.08333333333333333
WP_001263495.1,0.08333333333333333
WP_001263828.1,0.08333333333333333
WP_001263919.1,0.08333333333333333
WP_001264088.1,0.08333333333333333
WP_001264362.1,0.08333333333333333
WP_001264452.1,0.08333333333333333
WP_001264548.1,0.08333333333333333
WP_001264698.1,0.08333333333333333
WP_001264927.1,0.08333333333333333
WP_001265075.1,0.08333333333333333
WP_001265161.1,0.08333333333333333
WP_001265168.1,0.08333333333333333
WP_001265172.1,0.08333333333333333
WP_001265229.1,0.08333333333333333
WP_001265443.1,0.08333333333333333
WP_001265474.1,0.08333333333333333
WP_001265657.1,0.08333333333333333
WP_001266298.1,0.08333333333333333
WP_001266503.1,0.08333333333333333
WP_001266908.1,0.08333333333333333
WP_001267208.1,0.08333333333333333
WP_001267445.1,0.08333333333333333
WP_001267498.1,0.08333333333333333
WP_001267941.1,0.08333333333333333
WP_001269211.1,0.08333333333333333
WP_001269327.1,0.08333333333333333
WP_001269520.1,0.08333333333333333
WP_001269668.1,0.08333333333333333
WP_001270084.1,0.08333333333333333
WP_001270249.1,0.08333333333333333
WP_001270286.1,0.08333333333333333
WP_001270517.1,0.08333333333333333
WP_001270652.1,0.08333333333333333
WP_001270809.1,0.08333333333333333
WP_001271257.1,0.08333333333333333
WP_001271717.1,0.08333333333333333
WP_001272349.1,0.08333333333333333
WP_001272558.1,0.08333333333333333
WP_001272796.1,0.08333333333333333
WP_001272853.1,0.08333333333333333
WP_001272898.1,0.08333333333333333
WP_001273005.1,0.08333333333333333
WP_001273445.1,0.08333333333333333
WP_001273654.1,0.08333333333333333
WP_001273776.1,0.08333333333333333
WP_001274021.1,0.08333333333333333
WP_001274299.1,0.08333333333333333
WP_001274410.1,0.08333333333333333
WP_001274512.1,0.08333333333333333
WP_001274677.1,0.08333333333333333
WP_001274756.1,0.08333333333333333
WP_001274894.1,0.08333333333333333
WP_001274963.1,0.08333333333333333
WP_001275106.1,0.08333333333333333
WP_001275213.1,0.08333333333333333
WP_001275434.1,0.08333333333333333
WP_001275438.1,0.08333333333333333
WP_001275479.1,0.08333333333333333
WP_001275506.1,0.08333333333333333
WP_001275702.1,0.08333333333333333
WP_001275836.1,0.08333333333333333
WP_001275870.1,0.08333333333333333
WP_001276008.1,0.08333333333333333
WP_001276062.1,0.08333333333333333
WP_001276250.1,0.08333333333333333
WP_001276294.1,0.08333333333333333
WP_001276403.1,0.08333333333333333
WP_001276465.1,0.08333333333333333
WP_001276649.1,0.08333333333333333
WP_001276909.1,0.08333333333333333
WP_001277108.1,0.08333333333333333
WP_001277142.1,0.08333333333333333
WP_001277224.1,0.08333333333333333
WP_001277561.1,0.08333333333333333
WP_001277793.1,0.08333333333333333
WP_001278239.1,0.08333333333333333
WP_001278450.1,0.08333333333333333
WP_001278460.1,0.08333333333333333
WP_001278478.1,0.08333333333333333
WP_001278605.1,0.08333333333333333
WP_001278725.1,0.08333333333333333
WP_001278878.1,0.08333333333333333
WP_001278932.1,0.08333333333333333
WP_001279690.1,0.08333333333333333
WP_001279752.1,0.08333333333333333
WP_001280118.1,0.08333333333333333
WP_001280192.1,0.08333333333333333
WP_001280341.1,0.08333333333333333
WP_001280481.1,0.08333333333333333
WP_001280650.1,0.08333333333333333
WP_001280776.1,0.08333333333333333
WP_001280821.1,0.08333333333333333
WP_001280923.1,0.08333333333333333
WP_001280929.1,0.08333333333333333
WP_001280954.1,0.08333333333333333
WP_001281251.1,0.08333333333333333
WP_001281350.1,0.08333333333333333
WP_001281372.1,0.08333333333333333
WP_001281772.1,0.08333333333333333
WP_001281881.1,0.08333333333333333
WP_001281927.1,0.08333333333333333
WP_001282098.1,0.08333333333333333
WP_001282281.1,0.08333333333333333
WP_001282321.1,0.08333333333333333
WP_001282345.1,0.08333333333333333
WP_001282516.1,0.08333333333333333
WP_001282715.1,0.08333333333333333
WP_001283153.1,0.08333333333333333
WP_001283251.1,0.08333333333333333
WP_001283421.1,0.08333333333333333
WP_001283490.1,0.08333333333333333
WP_001283590.1,0.08333333333333333
WP_001283734.1,0.08333333333333333
WP_001284618.1,0.08333333333333333
WP_001284737.1,0.08333333333333333
WP_001285288.1,0.08333333333333333
WP_001285446.1,0.08333333333333333
WP_001285506.1,0.08333333333333333
WP_001285523.1,0.08333333333333333
WP_001285587.1,0.08333333333333333
WP_001285675.1,0.08333333333333333
WP_001285834.1,0.08333333333333333
WP_001285914.1,0.08333333333333333
WP_001286216.1,0.08333333333333333
WP_001286577.1,0.08333333333333333
WP_001286832.1,0.08333333333333333
WP_001287046.1,0.08333333333333333
WP_001287136.1,0.08333333333333333
WP_001287378.1,0.08333333333333333
WP_001287420.1,0.08333333333333333
WP_001287450.1,0.08333333333333333
WP_001287516.1,0.08333333333333333
WP_001287748.1,0.08333333333333333
WP_001287881.1,0.08333333333333333
WP_001288134.1,0.08333333333333333
WP_001288364.1,0.08333333333333333
WP_001288545.1,0.08333333333333333
WP_001288587.1,0.08333333333333333
WP_001288845.1,0.08333333333333333
WP_001289118.1,0.08333333333333333
WP_001289184.1,0.08333333333333333
WP_001289657.1,0.08333333333333333
WP_001289673.1,0.08333333333333333
WP_001289717.1,0.08333333333333333
WP_001289936.1,0.08333333333333333
WP_001290006.1,0.08333333333333333
WP_001290122.1,0.08333333333333333
WP_001290212.1,0.08333333333333333
WP_001290230.1,0.08333333333333333
WP_001290322.1,0.08333333333333333
WP_001290706.1,0.08333333333333333
WP_001290743.1,0.08333333333333333
WP_001291216.1,0.08333333333333333
WP_001291268.1,0.08333333333333333
WP_001291435.1,0.08333333333333333
WP_001291603.1,0.08333333333333333
WP_001291694.1,0.08333333333333333
WP_001291788.1,0.08333333333333333
WP_001291921.1,0.08333333333333333
WP_001291990.1,0.08333333333333333
WP_001292415.1,0.08333333333333333
WP_001292456.1,0.08333333333333333
WP_001292676.1,0.08333333333333333
WP_001292812.1,0.08333333333333333
WP_001293009.1,0.08333333333333333
WP_001293282.1,0.08333333333333333
WP_001293341.1,0.08333333333333333
WP_001293612.1,0.08333333333333333
WP_001294212.1,0.08333333333333333
WP_001294533.1,0.08333333333333333
WP_001294606.1,0.08333333333333333
WP_001294772.1,0.08333333333333333
WP_001295074.1,0.08333333333333333
WP_001295111.1,0.08333333333333333
WP_001295162.1,0.08333333333333333
WP_001295168.1,0.08333333333333333
WP_001295174.1,0.08333333333333333
WP_001295176.1,0.08333333333333333
WP_001295182.1,0.08333333333333333
WP_001295191.1,0.08333333333333333
WP_001295207.1,0.08333333333333333
WP_001295211.1,0.08333333333333333
WP_001295215.1,0.08333333333333333
WP_001295224.1,0.08333333333333333
WP_001295238.1,0.08333333333333333
WP_001295241.1,0.08333333333333333
WP_001295254.1,0.08333333333333333
WP_001295255.1,0.08333333333333333
WP_001295256.1,0.08333333333333333
WP_001295260.1,0.08333333333333333
WP_001295262.1,0.08333333333333333
WP_001295263.1,0.08333333333333333
WP_001295270.1,0.08333333333333333
WP_001295272.1,0.08333333333333333
WP_001295275.1,0.08333333333333333
WP_001295292.1,0.08333333333333333
WP_001295296.1,0.08333333333333333
WP_001295297.1,0.08333333333333333
WP_001295301.1,0.08333333333333333
WP_001295305.1,0.08333333333333333
WP_001295306.1,0.08333333333333333
WP_001295307.1,0.08333333333333333
WP_001295318.1,0.08333333333333333
WP_001295322.1,0.08333333333333333
WP_001295323.1,0.08333333333333333
WP_001295324.1,0.08333333333333333
WP_001295328.1,0.08333333333333333
WP_001295329.1,0.08333333333333333
WP_001295334.1,0.08333333333333333
WP_001295335.1,0.08333333333333333
WP_001295337.1,0.08333333333333333
WP_001295343.1,0.08333333333333333
WP_001295352.1,0.08333333333333333
WP_001295356.1,0.08333333333333333
WP_001295357.1,0.08333333333333333
WP_001295364.1,0.08333333333333333
WP_001295369.1,0.08333333333333333
WP_001295373.1,0.08333333333333333
WP_001295377.1,0.08333333333333333
WP_001295378.1,0.08333333333333333
WP_001295380.1,0.08333333333333333
WP_001295383.1,0.08333333333333333
WP_001295391.1,0.08333333333333333
WP_001295400.1,0.08333333333333333
WP_001295403.1,0.08333333333333333
WP_001295408.1,0.08333333333333333
WP_001295412.1,0.08333333333333333
WP_001295414.1,0.08333333333333333
WP_001295424.1,0.08333333333333333
WP_001295429.1,0.08333333333333333
WP_001295430.1,0.08333333333333333
WP_001295432.1,0.08333333333333333
WP_001295442.1,0.08333333333333333
WP_001295445.1,0.08333333333333333
WP_001295447.1,0.08333333333333333
WP_001295454.1,0.08333333333333333
WP_001295458.1,0.08333333333333333
WP_001295467.1,0.08333333333333333
WP_001295469.1,0.08333333333333333
WP_001295473.1,0.08333333333333333
WP_001295476.1,0.08333333333333333
WP_001295493.1,0.08333333333333333
WP_001295496.1,0.08333333333333333
WP_001295499.1,0.08333333333333333
WP_001295500.1,0.08333333333333333
WP_001295503.1,0.08333333333333333
WP_001295514.1,0.08333333333333333
WP_001295515.1,0.08333333333333333
WP_001295532.1,0.08333333333333333
WP_001295542.1,0.08333333333333333
WP_001295543.1,0.08333333333333333
WP_001295544.1,0.08333333333333333
WP_001295548.1,0.08333333333333333
WP_001295552.1,0.08333333333333333
WP_001295556.1,0.08333333333333333
WP_001295561.1,0.08333333333333333
WP_001295562.1,0.08333333333333333
WP_001295564.1,0.08333333333333333
WP_001295568.1,0.08333333333333333
WP_001295575.1,0.08333333333333333
WP_001295576.1,0.08333333333333333
WP_001295585.1,0.08333333333333333
WP_001295587.1,0.08333333333333333
WP_001295593.1,0.08333333333333333
WP_001295597.1,0.08333333333333333
WP_001295616.1,0.08333333333333333
WP_001295627.1,0.08333333333333333
WP_001295633.1,0.08333333333333333
WP_001295641.1,0.08333333333333333
WP_001295642.1,0.08333333333333333
WP_001295676.1,0.08333333333333333
WP_001295681.1,0.08333333333333333
WP_001295689.1,0.08333333333333333
WP_001295715.1,0.08333333333333333
WP_001295734.1,0.08333333333333333
WP_001295770.1,0.08333333333333333
WP_001295932.1,0.08333333333333333
WP_001295978.1,0.08333333333333333
WP_001295992.1,0.08333333333333333
WP_001296096.1,0.08333333333333333
WP_001296104.1,0.08333333333333333
WP_001296134.1,0.08333333333333333
WP_001296140.1,0.08333333333333333
WP_001296218.1,0.08333333333333333
WP_001296310.1,0.08333333333333333
WP_001296424.1,0.08333333333333333
WP_001296448.1,0.08333333333333333
WP_001296623.1,0.08333333333333333
WP_001296646.1,0.08333333333333333
WP_001296681.1,0.08333333333333333
WP_001296693.1,0.08333333333333333
WP_001296758.1,0.08333333333333333
WP_001296785.1,0.08333333333333333
WP_001296790.1,0.08333333333333333
WP_001296808.1,0.08333333333333333
WP_001296814.1,0.08333333333333333
WP_001296937.1,0.08333333333333333
WP_001296943.1,0.08333333333333333
WP_001296991.1,0.08333333333333333
WP_001297003.1,0.08333333333333333
WP_001297052.1,0.08333333333333333
WP_001297064.1,0.08333333333333333
WP_001297068.1,0.08333333333333333
WP_001297114.1,0.08333333333333333
WP_001297164.1,0.08333333333333333
WP_001297375.1,0.08333333333333333
WP_001297404.1,0.08333333333333333
WP_001297406.1,0.08333333333333333
WP_001297412.1,0.08333333333333333
WP_001297426.1,0.08333333333333333
WP_001297514.1,0.08333333333333333
WP_001297636.1,0.08333333333333333
WP_001297640.1,0.08333333333333333
WP_001297933.1,0.08333333333333333
WP_001297977.1,0.08333333333333333
WP_001298109.1,0.08333333333333333
WP_001298241.1,0.08333333333333333
WP_001298520.1,0.08333333333333333
WP_001298717.1,0.08333333333333333
WP_001298740.1,0.08333333333333333
WP_001298814.1,0.08333333333333333
WP_001298868.1,0.08333333333333333
WP_001298899.1,0.08333333333333333
WP_001298933.1,0.08333333333333333
WP_001299100.1,0.08333333333333333
WP_001299172.1,0.08333333333333333
WP_001299196.1,0.08333333333333333
WP_001299283.1,0.08333333333333333
WP_001299328.1,0.08333333333333333
WP_001299351.1,0.08333333333333333
WP_001299507.1,0.08333333333333333
WP_001299578.1,0.08333333333333333
WP_001299599.1,0.08333333333333333
WP_001299664.1,0.08333333333333333
WP_001299679.1,0.08333333333333333
WP_001299745.1,0.08333333333333333
WP_001299855.1,0.08333333333333333
WP_001299866.1,0.08333333333333333
WP_001300035.1,0.08333333333333333
WP_001300120.1,0.08333333333333333
WP_001300163.1,0.08333333333333333
WP_001300174.1,0.08333333333333333
WP_001300279.1,0.08333333333333333
WP_001300367.1,0.08333333333333333
WP_001300397.1,0.08333333333333333
WP_001300467.1,0.08333333333333333
WP_001300590.1,0.08333333333333333
WP_001300603.1,0.08333333333333333
WP_001300662.1,0.08333333333333333
WP_001300811.1,0.08333333333333333
WP_001300829.1,0.08333333333333333
WP_001300885.1,0.08333333333333333
WP_001300891.1,0.08333333333333333
WP_001300895.1,0.08333333333333333
WP_001300896.1,0.08333333333333333
WP_001301233.1,0.08333333333333333
WP_001301305.1,0.08333333333333333
WP_001301333.1,0.08333333333333333
WP_001301367.1,0.08333333333333333
WP_001301434.1,0.08333333333333333
WP_001301435.1,0.08333333333333333
WP_001301436.1,0.08333333333333333
WP_001301437.1,0.08333333333333333
WP_001301444.1,0.08333333333333333
WP_001301445.1,0.08333333333333333
WP_001301446.1,0.08333333333333333
WP_001301447.1,0.08333333333333333
WP_001301448.1,0.08333333333333333
WP_001301449.1,0.08333333333333333
WP_001301453.1,0.08333333333333333
WP_001301454.1,0.08333333333333333
WP_001301456.1,0.08333333333333333
WP_001301457.1,0.08333333333333333
WP_001301460.1,0.08333333333333333
WP_001301462.1,0.08333333333333333
WP_001301465.1,0.08333333333333333
WP_001301471.1,0.08333333333333333
WP_001301475.1,0.08333333333333333
WP_001301479.1,0.08333333333333333
WP_001301480.1,0.08333333333333333
WP_001301486.1,0.08333333333333333
WP_001301489.1,0.08333333333333333
WP_001301491.1,0.08333333333333333
WP_001301493.1,0.08333333333333333
WP_001301498.1,0.08333333333333333
WP_001301499.1,0.08333333333333333
WP_001301500.1,0.08333333333333333
WP_001301502.1,0.08333333333333333
WP_001301504.1,0.08333333333333333
WP_001301505.1,0.08333333333333333
WP_001301506.1,0.08333333333333333
WP_001301507.1,0.08333333333333333
WP_001301511.1,0.08333333333333333
WP_001301512.1,0.08333333333333333
WP_001301514.1,0.08333333333333333
WP_001301524.1,0.08333333333333333
WP_001301527.1,0.08333333333333333
WP_001301528.1,0.08333333333333333
WP_001301529.1,0.08333333333333333
WP_001301530.1,0.08333333333333333
WP_001301541.1,0.08333333333333333
WP_001301542.1,0.08333333333333333
WP_001301544.1,0.08333333333333333
WP_001301546.1,0.08333333333333333
WP_001301548.1,0.08333333333333333
WP_001301550.1,0.08333333333333333
WP_001301551.1,0.08333333333333333
WP_001301558.1,0.08333333333333333
WP_001301560.1,0.08333333333333333
WP_001301561.1,0.08333333333333333
WP_001301566.1,0.08333333333333333
WP_001301572.1,0.08333333333333333
WP_001301578.1,0.08333333333333333
WP_001301587.1,0.08333333333333333
WP_001301590.1,0.08333333333333333
WP_001301593.1,0.08333333333333333
WP_001301604.1,0.08333333333333333
WP_001301605.1,0.08333333333333333
WP_001301606.1,0.08333333333333333
WP_001301613.1,0.08333333333333333
WP_001301615.1,0.08333333333333333
WP_001301617.1,0.08333333333333333
WP_001301618.1,0.08333333333333333
WP_001301619.1,0.08333333333333333
WP_001301620.1,0.08333333333333333
WP_001301623.1,0.08333333333333333
WP_001301627.1,0.08333333333333333
WP_001301632.1,0.08333333333333333
WP_001301634.1,0.08333333333333333
WP_001301636.1,0.08333333333333333
WP_001301638.1,0.08333333333333333
WP_001301644.1,0.08333333333333333
WP_001301646.1,0.08333333333333333
WP_001301657.1,0.08333333333333333
WP_001301659.1,0.08333333333333333
WP_001301663.1,0.08333333333333333
WP_001301664.1,0.08333333333333333
WP_001301665.1,0.08333333333333333
WP_001301673.1,0.08333333333333333
WP_001301674.1,0.08333333333333333
WP_001301676.1,0.08333333333333333
WP_001301681.1,0.08333333333333333
WP_001301684.1,0.08333333333333333
WP_001301685.1,0.08333333333333333
WP_001301687.1,0.08333333333333333
WP_001301691.1,0.08333333333333333
WP_001301693.1,0.08333333333333333
WP_001301695.1,0.08333333333333333
WP_001301696.1,0.08333333333333333
WP_001301698.1,0.08333333333333333
WP_001301699.1,0.08333333333333333
WP_001301703.1,0.08333333333333333
WP_001301704.1,0.08333333333333333
WP_001301705.1,0.08333333333333333
WP_001301708.1,0.08333333333333333
WP_001301712.1,0.08333333333333333
WP_001301716.1,0.08333333333333333
WP_001301721.1,0.08333333333333333
WP_001301722.1,0.08333333333333333
WP_001301725.1,0.08333333333333333
WP_001301727.1,0.08333333333333333
WP_001301731.1,0.08333333333333333
WP_001301733.1,0.08333333333333333
WP_001301736.1,0.08333333333333333
WP_001301738.1,0.08333333333333333
WP_001301741.1,0.08333333333333333
WP_001301742.1,0.08333333333333333
WP_001301745.1,0.08333333333333333
WP_001301746.1,0.08333333333333333
WP_001301747.1,0.08333333333333333
WP_001301750.1,0.08333333333333333
WP_001301754.1,0.08333333333333333
WP_001301756.1,0.08333333333333333
WP_001301761.1,0.08333333333333333
WP_001301763.1,0.08333333333333333
WP_001301767.1,0.08333333333333333
WP_001301773.1,0.08333333333333333
WP_001301775.1,0.08333333333333333
WP_001301777.1,0.08333333333333333
WP_001301778.1,0.08333333333333333
WP_001301779.1,0.08333333333333333
WP_001301780.1,0.08333333333333333
WP_001301782.1,0.08333333333333333
WP_001301784.1,0.08333333333333333
WP_001301787.1,0.08333333333333333
WP_001301793.1,0.08333333333333333
WP_001301795.1,0.08333333333333333
WP_001301796.1,0.08333333333333333
WP_001301798.1,0.08333333333333333
WP_001301799.1,0.08333333333333333
WP_001301800.1,0.08333333333333333
WP_001301804.1,0.08333333333333333
WP_001301810.1,0.08333333333333333
WP_001301811.1,0.08333333333333333
WP_001301814.1,0.08333333333333333
WP_001301816.1,0.08333333333333333
WP_001301817.1,0.08333333333333333
WP_001301824.1,0.08333333333333333
WP_001301827.1,0.08333333333333333
WP_001301829.1,0.08333333333333333
WP_001301830.1,0.08333333333333333
WP_001301832.1,0.08333333333333333
WP_001301833.1,0.08333333333333333
WP_001301837.1,0.08333333333333333
WP_001301838.1,0.08333333333333333
WP_001301839.1,0.08333333333333333
WP_001301844.1,0.08333333333333333
WP_001301846.1,0.08333333333333333
WP_001301847.1,0.08333333333333333
WP_001301848.1,0.08333333333333333
WP_001301849.1,0.08333333333333333
WP_001301851.1,0.08333333333333333
WP_001301854.1,0.08333333333333333
WP_001301857.1,0.08333333333333333
WP_001301859.1,0.08333333333333333
WP_001301860.1,0.08333333333333333
WP_001301861.1,0.08333333333333333
WP_001301863.1,0.08333333333333333
WP_001301864.1,0.08333333333333333
WP_001301865.1,0.08333333333333333
WP_001301866.1,0.08333333333333333
WP_001301869.1,0.08333333333333333
WP_001301873.1,0.08333333333333333
WP_001301875.1,0.08333333333333333
WP_001301877.1,0.08333333333333333
WP_001301878.1,0.08333333333333333
WP_001301880.1,0.08333333333333333
WP_001301884.1,0.08333333333333333
WP_001301887.1,0.08333333333333333
WP_001301888.1,0.08333333333333333
WP_001301891.1,0.08333333333333333
WP_001301892.1,0.08333333333333333
WP_001301902.1,0.08333333333333333
WP_001301903.1,0.08333333333333333
WP_001301904.1,0.08333333333333333
WP_001301905.1,0.08333333333333333
WP_001301907.1,0.08333333333333333
WP_001301910.1,0.08333333333333333
WP_001301911.1,0.08333333333333333
WP_001301917.1,0.08333333333333333
WP_001301920.1,0.08333333333333333
WP_001301921.1,0.08333333333333333
WP_001301925.1,0.08333333333333333
WP_001301928.1,0.08333333333333333
WP_001301929.1,0.08333333333333333
WP_001301932.1,0.08333333333333333
WP_001301934.1,0.08333333333333333
WP_001301936.1,0.08333333333333333
WP_001301938.1,0.08333333333333333
WP_001301939.1,0.08333333333333333
WP_001301948.1,0.08333333333333333
WP_001301950.1,0.08333333333333333
WP_001301951.1,0.08333333333333333
WP_001301956.1,0.08333333333333333
WP_001301957.1,0.08333333333333333
WP_001301967.1,0.08333333333333333
WP_001301968.1,0.08333333333333333
WP_001301969.1,0.08333333333333333
WP_001301970.1,0.08333333333333333
WP_001301974.1,0.08333333333333333
WP_001301975.1,0.08333333333333333
WP_001301976.1,0.08333333333333333
WP_001301979.1,0.08333333333333333
WP_001301981.1,0.08333333333333333
WP_001301984.1,0.08333333333333333
WP_001301985.1,0.08333333333333333
WP_001301987.1,0.08333333333333333
WP_001301989.1,0.08333333333333333
WP_001301991.1,0.08333333333333333
WP_001302000.1,0.08333333333333333
WP_001302007.1,0.08333333333333333
WP_001302008.1,0.08333333333333333
WP_001302010.1,0.08333333333333333
WP_001302013.1,0.08333333333333333
WP_001302015.1,0.08333333333333333
WP_001302019.1,0.08333333333333333
WP_001302020.1,0.08333333333333333
WP_001302021.1,0.08333333333333333
WP_001302026.1,0.08333333333333333
WP_001302028.1,0.08333333333333333
WP_001302029.1,0.08333333333333333
WP_001302033.1,0.08333333333333333
WP_001302036.1,0.08333333333333333
WP_001302039.1,0.08333333333333333
WP_001302040.1,0.08333333333333333
WP_001302042.1,0.08333333333333333
WP_001302043.1,0.08333333333333333
WP_001302045.1,0.08333333333333333
WP_001302046.1,0.08333333333333333
WP_001302048.1,0.08333333333333333
WP_001302050.1,0.08333333333333333
WP_001302052.1,0.08333333333333333
WP_001302055.1,0.08333333333333333
WP_001302065.1,0.08333333333333333
WP_001302072.1,0.08333333333333333
WP_001302074.1,0.08333333333333333
WP_001302076.1,0.08333333333333333
WP_001302081.1,0.08333333333333333
WP_001302084.1,0.08333333333333333
WP_001302086.1,0.08333333333333333
WP_001302088.1,0.08333333333333333
WP_001302091.1,0.08333333333333333
WP_001302096.1,0.08333333333333333
WP_001302100.1,0.08333333333333333
WP_001302103.1,0.08333333333333333
WP_001302107.1,0.08333333333333333
WP_001302112.1,0.08333333333333333
WP_001302113.1,0.08333333333333333
WP_001302117.1,0.08333333333333333
WP_001302118.1,0.08333333333333333
WP_001302119.1,0.08333333333333333
WP_001302123.1,0.08333333333333333
WP_001302124.1,0.08333333333333333
WP_001302126.1,0.08333333333333333
WP_001302127.1,0.08333333333333333
WP_001302140.1,0.08333333333333333
WP_001302148.1,0.08333333333333333
WP_001302151.1,0.08333333333333333
WP_001302155.1,0.08333333333333333
WP_001302159.1,0.08333333333333333
WP_001302160.1,0.08333333333333333
WP_001302171.1,0.08333333333333333
WP_001302175.1,0.08333333333333333
WP_001302177.1,0.08333333333333333
WP_001302179.1,0.08333333333333333
WP_001302181.1,0.08333333333333333
WP_001302189.1,0.08333333333333333
WP_001302193.1,0.08333333333333333
WP_001302199.1,0.08333333333333333
WP_001302200.1,0.08333333333333333
WP_001302206.1,0.08333333333333333
WP_001302207.1,0.08333333333333333
WP_001302209.1,0.08333333333333333
WP_001302216.1,0.08333333333333333
WP_001302220.1,0.08333333333333333
WP_001302225.1,0.08333333333333333
WP_001302243.1,0.08333333333333333
WP_001302247.1,0.08333333333333333
WP_001302249.1,0.08333333333333333
WP_001302258.1,0.08333333333333333
WP_001302260.1,0.08333333333333333
WP_001302267.1,0.08333333333333333
WP_001302273.1,0.08333333333333333
WP_001302286.1,0.08333333333333333
WP_001302295.1,0.08333333333333333
WP_001302302.1,0.08333333333333333
WP_001302304.1,0.08333333333333333
WP_001302318.1,0.08333333333333333
WP_001302327.1,0.08333333333333333
WP_001302348.1,0.08333333333333333
WP_001302355.1,0.08333333333333333
WP_001302367.1,0.08333333333333333
WP_001302380.1,0.08333333333333333
WP_001302384.1,0.08333333333333333
WP_001302401.1,0.08333333333333333
WP_001302429.1,0.08333333333333333
WP_001302468.1,0.08333333333333333
WP_001302485.1,0.08333333333333333
WP_001302523.1,0.08333333333333333
WP_001302537.1,0.08333333333333333
WP_001302567.1,0.08333333333333333
WP_001302581.1,0.08333333333333333
WP_001302608.1,0.08333333333333333
WP_001302673.1,0.08333333333333333
WP_001302690.1,0.08333333333333333
WP_001302717.1,0.08333333333333333
WP_001302733.1,0.08333333333333333
WP_001302734.1,0.08333333333333333
WP_001302749.1,0.08333333333333333
WP_001302757.1,0.08333333333333333
WP_001302766.1,0.08333333333333333
WP_001302767.1,0.08333333333333333
WP_001302769.1,0.08333333333333333
WP_001302794.1,0.08333333333333333
WP_001302797.1,0.08333333333333333
WP_001302798.1,0.08333333333333333
WP_001302810.1,0.08333333333333333
WP_001302816.1,0.08333333333333333
WP_001302819.1,0.08333333333333333
WP_001302821.1,0.08333333333333333
WP_001302822.1,0.08333333333333333
WP_001302823.1,0.08333333333333333
WP_001302824.1,0.08333333333333333
WP_001302833.1,0.08333333333333333
WP_001302840.1,0.08333333333333333
WP_001302857.1,0.08333333333333333
WP_001302864.1,0.08333333333333333
WP_001302877.1,0.08333333333333333
WP_001302879.1,0.08333333333333333
WP_001302889.1,0.08333333333333333
WP_001302890.1,0.08333333333333333
WP_001302908.1,0.08333333333333333
WP_001302911.1,0.08333333333333333
WP_001302931.1,0.08333333333333333
WP_001302964.1,0.08333333333333333
WP_001303036.1,0.08333333333333333
WP_001303086.1,0.08333333333333333
WP_001303114.1,0.08333333333333333
WP_001303128.1,0.08333333333333333
WP_001303155.1,0.08333333333333333
WP_001303192.1,0.08333333333333333
WP_001303279.1,0.08333333333333333
WP_001303294.1,0.08333333333333333
WP_001303492.1,0.08333333333333333
WP_001303494.1,0.08333333333333333
WP_001303509.1,0.08333333333333333
WP_001303511.1,0.08333333333333333
WP_001303515.1,0.08333333333333333
WP_001303517.1,0.08333333333333333
WP_001303529.1,0.08333333333333333
WP_001303543.1,0.08333333333333333
WP_001303555.1,0.08333333333333333
WP_001303558.1,0.08333333333333333
WP_001303579.1,0.08333333333333333
WP_001303580.1,0.08333333333333333
WP_001303590.1,0.08333333333333333
WP_001303597.1,0.08333333333333333
WP_001303598.1,0.08333333333333333
WP_001303599.1,0.08333333333333333
WP_001303606.1,0.08333333333333333
WP_001303621.1,0.08333333333333333
WP_001303642.1,0.08333333333333333
WP_001303643.1,0.08333333333333333
WP_001303646.1,0.08333333333333333
WP_001303651.1,0.08333333333333333
WP_001303653.1,0.08333333333333333
WP_001303655.1,0.08333333333333333
WP_001303675.1,0.08333333333333333
WP_001303683.1,0.08333333333333333
WP_001303702.1,0.08333333333333333
WP_001303709.1,0.08333333333333333
WP_001303719.1,0.08333333333333333
WP_001303723.1,0.08333333333333333
WP_001303725.1,0.08333333333333333
WP_001303730.1,0.08333333333333333
WP_001303740.1,0.08333333333333333
WP_001303763.1,0.08333333333333333
WP_001303775.1,0.08333333333333333
WP_001303780.1,0.08333333333333333
WP_001303782.1,0.08333333333333333
WP_001303784.1,0.08333333333333333
WP_001303785.1,0.08333333333333333
WP_001303787.1,0.08333333333333333
WP_001303793.1,0.08333333333333333
WP_001303803.1,0.08333333333333333
WP_001303809.1,0.08333333333333333
WP_001303832.1,0.08333333333333333
WP_001303848.1,0.08333333333333333
WP_001303849.1,0.08333333333333333
WP_001303857.1,0.08333333333333333
WP_001303867.1,0.08333333333333333
WP_001303876.1,0.08333333333333333
WP_001303878.1,0.08333333333333333
WP_001303885.1,0.08333333333333333
WP_001303888.1,0.08333333333333333
WP_001303889.1,0.08333333333333333
WP_001303891.1,0.08333333333333333
WP_001303917.1,0.08333333333333333
WP_001303921.1,0.08333333333333333
WP_001303940.1,0.08333333333333333
WP_001303943.1,0.08333333333333333
WP_001303944.1,0.08333333333333333
WP_001303965.1,0.08333333333333333
WP_001303983.1,0.08333333333333333
WP_001304006.1,0.08333333333333333
WP_001304019.1,0.08333333333333333
WP_001304104.1,0.08333333333333333
WP_001304108.1,0.08333333333333333
WP_001304174.1,0.08333333333333333
WP_001304191.1,0.08333333333333333
WP_001304205.1,0.08333333333333333
WP_001304206.1,0.08333333333333333
WP_001304211.1,0.08333333333333333
WP_001305582.1,0.08333333333333333
WP_001306825.1,0.08333333333333333
WP_001306939.1,0.08333333333333333
WP_001307333.1,0.08333333333333333
WP_001308187.1,0.08333333333333333
WP_001308392.1,0.08333333333333333
WP_001309117.1,0.08333333333333333
WP_001309467.1,0.08333333333333333
WP_001310149.1,0.08333333333333333
WP_001310166.1,0.08333333333333333
WP_001310167.1,0.08333333333333333
WP_001310207.1,0.08333333333333333
WP_001310212.1,0.08333333333333333
WP_001310226.1,0.08333333333333333
WP_001310229.1,0.08333333333333333
WP_001310241.1,0.08333333333333333
WP_001310242.1,0.08333333333333333
WP_001310296.1,0.08333333333333333
WP_001310336.1,0.08333333333333333
WP_001310426.1,0.08333333333333333
WP_001310491.1,0.08333333333333333
WP_001310756.1,0.08333333333333333
WP_001311244.1,0.08333333333333333
WP_001312672.1,0.08333333333333333
WP_001312793.1,0.08333333333333333
WP_001313407.1,0.08333333333333333
WP_001322270.1,0.08333333333333333
WP_001322278.1,0.08333333333333333
WP_001322280.1,0.08333333333333333
WP_001322326.1,0.08333333333333333
WP_001322328.1,0.08333333333333333
WP_001322334.1,0.08333333333333333
WP_001322343.1,0.08333333333333333
WP_001326317.1,0.08333333333333333
WP_001327808.1,0.08333333333333333
WP_001333354.1,0.08333333333333333
WP_001338420.1,0.08333333333333333
WP_001338897.1,0.08333333333333333
WP_001339045.1,0.08333333333333333
WP_001340019.1,0.08333333333333333
WP_001341388.1,0.08333333333333333
WP_001341638.1,0.08333333333333333
WP_001344816.1,0.08333333333333333
WP_001345400.1,0.08333333333333333
WP_001351109.1,0.08333333333333333
WP_001352098.1,0.08333333333333333
WP_001356414.1,0.08333333333333333
WP_001356509.1,0.08333333333333333
WP_001356547.1,0.08333333333333333
WP_001356599.1,0.08333333333333333
WP_001358886.1,0.08333333333333333
WP_001358890.1,0.08333333333333333
WP_001358893.1,0.08333333333333333
WP_001362540.1,0.08333333333333333
WP_001364348.1,0.08333333333333333
WP_001364580.1,0.08333333333333333
WP_001370046.1,0.08333333333333333
WP_001383425.1,0.08333333333333333
WP_001386836.1,0.08333333333333333
WP_001386977.1,0.08333333333333333
WP_001387276.1,0.08333333333333333
WP_001406719.1,0.08333333333333333
WP_001406816.1,0.08333333333333333
WP_001411753.1,0.08333333333333333
WP_001412007.1,0.08333333333333333
WP_001412012.1,0.08333333333333333
WP_001412032.1,0.08333333333333333
WP_001412115.1,0.08333333333333333
WP_001412232.1,0.08333333333333333
WP_001412436.1,0.08333333333333333
WP_001414141.1,0.08333333333333333
WP_001414184.1,0.08333333333333333
WP_001414236.1,0.08333333333333333
WP_001414237.1,0.08333333333333333
WP_001416688.1,0.08333333333333333
WP_001443810.1,0.08333333333333333
WP_001443846.1,0.08333333333333333
WP_001449026.1,0.08333333333333333
WP_001449147.1,0.08333333333333333
WP_001449265.1,0.08333333333333333
WP_001453071.1,0.08333333333333333
WP_001453090.1,0.08333333333333333
WP_001453500.1,0.08333333333333333
WP_001453584.1,0.08333333333333333
WP_001459323.1,0.08333333333333333
WP_001470195.1,0.08333333333333333
WP_001480712.1,0.08333333333333333
WP_001491890.1,0.08333333333333333
WP_001505071.1,0.08333333333333333
WP_001506608.1,0.08333333333333333
WP_001507810.1,0.08333333333333333
WP_001543885.1,0.08333333333333333
WP_001625136.1,0.08333333333333333
WP_001673482.1,0.08333333333333333
WP_001700733.1,0.08333333333333333
WP_001701073.1,0.08333333333333333
WP_010723084.1,0.08333333333333333
WP_010723105.1,0.08333333333333333
WP_010723106.1,0.08333333333333333
WP_010723108.1,0.08333333333333333
WP_010723109.1,0.08333333333333333
WP_010723117.1,0.08333333333333333
WP_010723222.1,0.08333333333333333
WP_010723271.1,0.08333333333333333
WP_010891288.1,0.08333333333333333
WP_010891292.1,0.08333333333333333
WP_010904500.1,0.08333333333333333
WP_010904538.1,0.08333333333333333
WP_010904558.1,0.08333333333333333
WP_010904702.1,0.08333333333333333
WP_010904812.1,0.08333333333333333
WP_010904951.1,0.08333333333333333
WP_010904990.1,0.08333333333333333
WP_010917790.1,0.08333333333333333
WP_010917803.1,0.08333333333333333
WP_010917870.1,0.08333333333333333
WP_011321724.1,0.08333333333333333
WP_012578864.1,0.08333333333333333
WP_012767741.1,0.08333333333333333
WP_012779366.1,0.08333333333333333
WP_021497500.1,0.08333333333333333
WP_023148853.1,0.08333333333333333
WP_024165563.1,0.08333333333333333
WP_024177553.1,0.08333333333333333
WP_027868261.1,0.08333333333333333
WP_027868265.1,0.08333333333333333
WP_028993483.1,0.08333333333333333
WP_029208397.1,0.08333333333333333
WP_032101974.1,0.08333333333333333
WP_032160865.1,0.08333333333333333
WP_032161728.1,0.08333333333333333
WP_032168617.1,0.08333333333333333
WP_032287685.1,0.08333333333333333
WP_038425863.1,0.08333333333333333
WP_042354693.1,0.08333333333333333
WP_042355394.1,0.08333333333333333
WP_042909427.1,0.08333333333333333
WP_044386033.1,0.08333333333333333
WP_071524879.1,0.08333333333333333
WP_071525013.1,0.08333333333333333
WP_071525042.1,0.08333333333333333
WP_071525082.1,0.08333333333333333
WP_071525382.1,0.08333333333333333
WP_077626202.1,0.08333333333333333
WP_077626964.1,0.08333333333333333
WP_077744273.1,0.08333333333333333
WP_077897989.1,0.08333333333333333
WP_085547967.1,0.08333333333333333
WP_096937776.1,0.08333333333333333
WP_115801843.1,0.08333333333333333
WP_115801847.1,0.08333333333333333
WP_120795373.1,0.08333333333333333
WP_120795379.1,0.08333333333333333
WP_120795385.1,0.08333333333333333
WP_120795387.1,0.08333333333333333
WP_120795390.1,0.08333333333333333
WP_120795392.1,0.08333333333333333
WP_120795393.1,0.08333333333333333
WP_122633141.1,0.08333333333333333
WP_122986108.1,0.08333333333333333
WP_127446149.1,0.08333333333333333
WP_162829205.1,0.08333333333333333
WP_171877072.1,0.08333333333333333
WP_211180490.1,0.08333333333333333
WP_211180492.1,0.08333333333333333
WP_211180496.1,0.08333333333333333
WP_211180508.1,0.08333333333333333
WP_211180519.1,0.08333333333333333
WP_211180520.1,0.08333333333333333
WP_212591405.1,0.08333333333333333
WP_212734937.1,0.08333333333333333
WP_212738847.1,0.08333333333333333
WP_223718708.1,0.08333333333333333
WP_223718711.1,0.08333333333333333
WP_223718721.1,0.08333333333333333
WP_226169000.1,0.08333333333333333
WP_240806354.1,0.08333333333333333
WP_244444334.1,0.08333333333333333
WP_254892905.1,0.08333333333333333
WP_255087022.1,0.08333333333333333
WP_282540193.1,0.08333333333333333
WP_282540195.1,0.08333333333333333
WP_306256364.1,0.08333333333333333
WP_371289776.1,0.08333333333333333
WP_371291023.1,0.08333333333333333
WP_371934138.1,0.08333333333333333
WP_371934139.1,0.08333333333333333
WP_373966175.1,0.08333333333333333
WP_394346072.1,0.08333333333333333
WP_418134933.1,0.08333333333333333
WP_418134935.1,0.08333333333333333
WP_432651901.1,0.08333333333333333
